stop_name,stop_lat,stop_lng
Albertov,50.067916,14.420798
Ametystová,49.9882,14.362216
Amforová,50.041683,14.327537
Anděl,50.071192,14.403565
Antala Staška,50.041607,14.444362
Apolinářská,50.07151,14.426754
Arbesovo náměstí,50.076233,14.404683
Argentinská,50.103045,14.443397
Avia Letňany,50.141751,14.51568
Baba I,49.998722,14.415267
Baba II,49.999579,14.415071
Babice,50.007876,14.714845
"Babice,Babičky",50.009389,14.726133
"Babice,U hřiště",50.00975,14.719009
Bachova,50.031293,14.508965
Bakovská,50.134714,14.549345
Balabenka,50.104094,14.482578
Balkán,50.094804,14.496245
Baně,49.952679,14.379144
Barchovice,49.942861,14.969271
"Barchovice,Hryzely",49.935647,14.98264
"Barchovice,Obecní úřad",49.944985,14.968462
"Barchovice,Radlice",49.934419,14.945907
"Barchovice,rozc.Radlice",49.949021,14.953531
Barrandovská,50.031529,14.395893
Barvy a laky,50.065504,14.537079
Basilejské náměstí,50.087231,14.47105
Baterie,50.092395,14.369619
Bavorská,50.054634,14.310689
Bazar,50.098751,14.671464
Bazovského,50.067164,14.307556
Bašteckého,50.03994,14.336143
Bašť,50.204469,14.473901
"Bašť,Baštěk",50.203782,14.462771
"Bašť,Měšická",50.202346,14.484734
Belárie,50.013286,14.401837
Benice,50.013513,14.605384
Benkova,50.037882,14.49943
"Benátky n.Jiz.,aut.st.",50.28567,14.828096
"Beroun,Brožíkova",49.968446,14.080723
"Beroun,Hostim",49.960306,14.129196
"Beroun,Hostímská",49.962655,14.085054
"Beroun,Plzeňka",49.96033,14.065054
"Beroun,U Slavaše",49.968895,14.079421
"Beroun,U černého koně",49.965335,14.072059
"Beroun,autobusové nádraží",49.95779,14.074774
"Beroun,nemocnice",49.96318,14.092099
"Beroun,Školní náměstí",49.967553,14.080786
Bertramka,50.072236,14.392862
Betonárka,50.036744,14.574776
Betáň,50.007284,14.4797
Bezděkovská,50.085842,14.601166
Bečváry,49.956814,15.08019
"Bečváry,rozc.Poďousy",49.956099,15.102565
"Bečváry,žel.st.",49.956631,15.07039
Biskupcova,50.08882,14.468714
Blatiny,50.065747,14.302691
Blatnická,50.064125,14.270512
Blatov,50.078756,14.64558
Blažimská,50.042584,14.49285
Bohdalec,50.060303,14.469801
Bohdalecká,50.056784,14.47325
Bohemians,50.066337,14.455288
Bohnické údolí,50.13567,14.412015
"Bojanovice,Malá Lečice",49.8216,14.336629
"Bojanovice,Malá Lečice,U Hesů",49.821155,14.333079
"Bojanovice,Senešnice",49.82852,14.307959
"Bojanovice,chaty",49.858881,14.35341
"Bojanovice,rest.",49.853864,14.352424
Bojasova,50.132534,14.462612
Boletická,50.132872,14.513642
Bolevecká,50.043122,14.55613
Boloňská,50.047727,14.556164
"Borek,rozc.",50.221102,14.653631
Botanická zahrada,50.070775,14.419263
Botanická zahrada Troja,50.119123,14.410484
Bořanovice,50.177739,14.478689
"Bořanovice,Rozc.",50.176995,14.484363
Bořislavka,50.098676,14.363934
"Brandýs n.L.-St.Bol.,Aut.st.",50.197739,14.678486
"Brandýs n.L.-St.Bol.,Baumit",50.175971,14.665554
"Brandýs n.L.-St.Bol.,Brázdimská",50.187915,14.648841
"Brandýs n.L.-St.Bol.,Continental",50.17617,14.65867
"Brandýs n.L.-St.Bol.,Dům peč.služby",50.191376,14.655696
"Brandýs n.L.-St.Bol.,Fakulta",50.184247,14.66825
"Brandýs n.L.-St.Bol.,Hájenka",50.189956,14.709402
"Brandýs n.L.-St.Bol.,Kasárna",50.206675,14.692876
"Brandýs n.L.-St.Bol.,Kralovice",50.179253,14.686702
"Brandýs n.L.-St.Bol.,Most",50.190787,14.668172
"Brandýs n.L.-St.Bol.,Na Panském",50.204226,14.689641
"Brandýs n.L.-St.Bol.,Na Radosti",50.183178,14.677063
"Brandýs n.L.-St.Bol.,Nem.",50.188552,14.652566
"Brandýs n.L.-St.Bol.,Nádr.",50.183299,14.656429
"Brandýs n.L.-St.Bol.,Nám.",50.185686,14.660067
"Brandýs n.L.-St.Bol.,Pekárny",50.178822,14.670039
"Brandýs n.L.-St.Bol.,Popovice",50.17801,14.624977
"Brandýs n.L.-St.Bol.,Pražská",50.183719,14.657339
"Brandýs n.L.-St.Bol.,Rychta",50.188569,14.656565
"Brandýs n.L.-St.Bol.,Sokolovská",50.194796,14.688709
"Brandýs n.L.-St.Bol.,Sídl.u nádr.",50.18538,14.652138
"Brandýs n.L.-St.Bol.,Sídliště",50.201516,14.685428
"Brandýs n.L.-St.Bol.,Sídliště BSS",50.188735,14.64815
"Brandýs n.L.-St.Bol.,U Brány",50.194774,14.673202
"Brandýs n.L.-St.Bol.,U Hřbitova",50.199933,14.679696
"Brandýs n.L.-St.Bol.,U Křížku",50.19346,14.653201
"Brandýs n.L.-St.Bol.,U Soudu",50.185206,14.664364
"Brandýs n.L.-St.Bol.,V Olšinkách",50.186434,14.648002
"Brandýs n.L.-St.Bol.,Vosí hnízdo",50.193953,14.700564
"Brandýs n.L.-St.Bol.,Vrábí",50.177994,14.653755
"Brandýs n.L.-St.Bol.,Zahr.Město",50.174422,14.64883
"Brandýs n.L.-St.Bol.,Zdrav.stř.",50.182297,14.654939
"Brandýs n.L.-St.Bol.,Škola",50.197011,14.682713
"Brandýs n.L.-St.Bol.,Školní",50.197349,14.678619
"Brandýs n.L.-St.Bol.,Žel.st.",50.209492,14.692205
Branické náměstí,50.034464,14.414773
Bratřínov,49.842776,14.340311
Braunova,50.061812,14.401869
Brechtova,50.035462,14.517378
Breitcetlova,50.106143,14.574524
Brodecká,50.088808,14.323621
Brodského,50.038609,14.503558
Brumlovka,50.047938,14.454712
Brumlovka Za Betou,50.047195,14.456139
Bruselská,50.073006,14.433262
Brusnice,50.09307,14.392214
Bryksova,50.102285,14.579042
"Brázdim,Nový Brázdim",50.182526,14.585508
"Brázdim,Starý Brázdim",50.182146,14.588561
"Brázdim,rozc.Veliký Brázdim",50.190972,14.582665
Bubovice,49.970284,14.16739
"Bubovice,Višňovka",49.974634,14.163458
Bucharova,50.053884,14.338049
Budovec,50.134276,14.38365
Budějovická,50.045,14.448548
Bukovinská,50.143987,14.577088
Bulovka,50.116395,14.467949
Butovická,50.051551,14.362629
Buš,49.803285,14.384112
Bártlova,50.118932,14.63262
Bílenecké náměstí,50.149565,14.442589
Bílá Hora,50.075681,14.323172
Bílá labuť,50.090261,14.435865
Bílý Beránek,50.061382,14.309516
Býkev,50.347166,14.416799
"Býkev,Jenišovice",50.346999,14.401608
Běchovice,50.081208,14.616919
Bělocerkevská,50.072581,14.471071
Břetislavka,50.123128,14.389708
Břevnovská,50.085513,14.364904
Břevnovský klášter,50.083206,14.358785
Březiněves,50.164667,14.48375
Březiněveská,50.126416,14.456998
"Březová-Oleško,Březová",49.915035,14.415589
"Březová-Oleško,Nová Březová",49.9192,14.400648
"Březová-Oleško,Oleško",49.902015,14.410529
"Březová-Oleško,Olešská",49.915162,14.41176
"Březová-Oleško,U topolů",49.90832,14.413154
"Březová-Oleško,Zahradní",49.918064,14.405264
"Březí,Podskalí",50.015371,14.69723
"Březí,U křížku",50.013684,14.689848
"Březí,V Jezírku",50.014101,14.69529
Břežany II,50.092893,14.805734
"Břežany II,U sokolovny",50.08968,14.805444
"Břežany II,na Malé Straně",50.093858,14.802615
Bříství,50.134059,14.841686
"Bříství,Svárov",50.130556,14.842416
Cementárna Radotín,49.994097,14.34256
Centrum Zahradní Město,50.056377,14.506879
Chaplinovo náměstí,50.035153,14.377348
Chlumín,50.28895,14.449328
Chmelnice,50.092522,14.486399
Choceradská,50.043145,14.490263
Chocerady,49.872071,14.802641
"Chocerady,Růženín,sídliště",49.88491,14.826925
"Chocerady,Samechov",49.879481,14.84842
"Chocerady,Vlkovec,žel.st.",49.874166,14.814034
Chodov,50.03118,14.491308
Chodovec,50.039646,14.490527
Chodovská,50.056228,14.471639
Chodovská tvrz,50.033224,14.500103
Cholupice,49.986842,14.445483
Cholupice náměstí,49.988456,14.44899
Cholupický vrch,49.994318,14.434691
Choteč,49.98537,14.283369
Chotkovy sady,50.095408,14.40889
Chrást,50.117662,14.901565
"Chrást,host.",50.120886,14.895162
Chrášťany,50.055302,14.594342
"Chrášťany,Bylany",50.064675,14.909217
"Chrášťany,Bylany,škola",50.066744,14.907467
"Chrášťany,Chotouň",50.067184,14.956399
"Chrášťany,Mezcestí",50.041968,14.253025
"Chrášťany,Protherm",50.047414,14.264268
"Chrášťany,Scania-Label",50.050672,14.272294
Chvaly,50.112584,14.5959
Chvatěruby,50.235111,14.346542
Chýnice,49.994314,14.264848
"Chýnice,Pod Radnicí",49.99594,14.264064
Chýnovská,50.016351,14.450533
Chýně,50.061094,14.228915
"Chýně,Háje",50.058702,14.220164
"Chýně,Na Vyhlídce",50.053818,14.226329
"Chýně,Pivovarský dvůr",50.06233,14.232101
"Chýně,Žitná",50.059306,14.244625
Cibulka,50.065534,14.363368
Cikánka,49.99745,14.322624
Ciolkovského,50.088064,14.307056
Ctěnice,50.147718,14.560691
Cukrovar Modřany,49.999476,14.406357
Cukrovar Čakovice,50.15161,14.519
Cílkova,50.016501,14.443308
Císařská louka,50.064541,14.413001
Darwinova,50.010809,14.409958
"Davle,Na Javorce",49.896654,14.399952
"Davle,Portus",49.875734,14.390863
"Davle,Sloup",49.888403,14.374696
"Davle,Sloup,U Jeřábu",49.890674,14.376758
"Davle,Sázava",49.885814,14.396997
"Davle,Sázava,Třešňovka",49.884788,14.402489
"Davle,obec",49.890416,14.399138
"Davle,pod Račany",49.891494,14.390764
"Davle,u Kiliána",49.879792,14.389104
"Davle,u pomníku",49.892067,14.400721
Dejvická,50.100791,14.392694
Depo Hostivař,50.076883,14.516781
Depo Kačerov,50.045655,14.470514
Depo Zličín,50.053297,14.277748
Diskařská,50.07919,14.381632
Divadlo Gong,50.106668,14.488342
Divadlo Horní Počernice,50.116851,14.621792
Divadlo Na Fidlovačce,50.064738,14.436708
Divadlo pod Palmovkou,50.10566,14.472751
Divoká Šárka,50.092663,14.324415
Dlouhá míle,50.089854,14.301594
Dlouhá třída,50.091104,14.427719
Do Lipan,50.007856,14.626292
Do Rybníčků,50.149651,14.445199
Do Čertous,50.12269,14.610954
Dobeška,50.041828,14.416
Dobratická,50.130343,14.508516
Dobronická,50.011018,14.471957
Dobrovíz,50.114605,14.216804
"Dobrovíz,Obecní úřad",50.113856,14.21955
"Dobrovíz,komerční zóna",50.107523,14.213784
Dobročovice,50.056196,14.698725
Dobročovická,50.073336,14.504916
"Dobřejovice,Jesenická",49.980875,14.573344
"Dobřejovice,Na návsi",49.981772,14.579753
"Dobřejovice,Čestlická",49.983821,14.585552
"Dobřichovice,Pod Vinicí",49.93128,14.276084
"Dobřichovice,nádraží",49.927294,14.288486
"Dobřichovice,pošta",49.92717,14.274604
"Dobřichovice,rozc.Karlík",49.928045,14.271644
"Dobřichovice,ÚKZÚZ",49.93584,14.283479
Dobříč,50.021194,14.257847
"Dobříš,Kodetka",49.798756,14.195724
"Dobříš,Kostelíček",49.783841,14.181521
"Dobříš,Průmyslová zóna",49.795038,14.19073
"Dobříš,Větrník",49.789572,14.177492
"Dobříš,nám.",49.781459,14.170536
"Dobříš,žel.st.",49.78932,14.184578
"Dolany,Debrno",50.217112,14.323924
Doležalova,50.10185,14.570202
Doliny,50.057462,14.424446
Dolnokrčská,50.0358,14.442333
Dolnokřeslická,50.024458,14.560383
Dolnoměcholupská,50.060062,14.557746
Dolnočernošická,49.959616,14.328988
"Dolní Břežany,Lhota",49.956181,14.432774
"Dolní Břežany,Na Rovném",49.958424,14.450039
"Dolní Břežany,Na kopečku",49.969011,14.462014
"Dolní Břežany,Obecní úřad",49.963261,14.456212
"Dolní Břežany,Zálepy",49.94843,14.411379
"Dolní Břežany,hřiště",49.961456,14.452609
"Dolní Břežany,náměstí",49.964124,14.459049
"Dolní Břežany,škola",49.966219,14.460881
Dolní Chabry,50.151026,14.437691
Dolní Měcholupy,50.056868,14.561883
Dolní Počernice,50.085239,14.576952
Dolní Černošice,49.962971,14.33237
Dolní Šárka,50.115725,14.37397
Domov seniorů Ďáblice,50.135547,14.474096
Donatellova,50.072529,14.50812
Donovalská,50.036942,14.508716
Dostihová,50.012738,14.394117
Doubek,50.01699,14.737229
Doubravčice,50.022746,14.791875
"Doubravčice,Rozc.Vrátkov",50.028692,14.808162
"Doubravčice,bytovky",50.023086,14.79578
"Doubravčice,Čihadla",50.016601,14.784212
Drahelčice,50.031403,14.203469
Drazdecká,49.995907,14.518542
Dreyerova,50.036392,14.383008
Drinopol,50.083938,14.371134
Drnovská,50.083047,14.311468
Drobná,50.072835,14.556211
Druhanická,50.072281,14.652828
Družná,50.012167,14.416982
Dubeč,50.061823,14.596531
Dubeček,50.055993,14.579941
Dubečská,50.065358,14.50235
Dunajecká,50.125555,14.426437
Dvorce,50.047086,14.414692
Dyrinka,50.10795,14.374708
Dívčí hrady,50.055851,14.399149
Dědina,50.09341,14.304451
Dědinova,50.033909,14.483524
Děkanka,50.053346,14.430968
Dělnická,50.103146,14.449927
Dětská nemocnice Karlov,50.070783,14.428554
Dřevařská,50.126244,14.564678
Dřevčice,50.166695,14.62834
"Dřevčice,Cihelna",50.17156,14.638556
"Dřevčice,Rozc.Jenštejn",50.160102,14.612488
"Dřínov,Náves",50.273887,14.39816
"Dřínov,Stavadla",50.269958,14.396431
"Dřínov,U Kříže",50.277668,14.395875
"Dřínov,U Rybníka",50.274282,14.399382
Dřísy,50.256431,14.644678
"Dřísy,U Vily",50.251702,14.644322
"Dřísy,žel.st.",50.24339,14.635554
Důstojnické domy,50.124486,14.532162
Elišky Přemyslovny,49.974941,14.393112
Farkáň,50.060564,14.380932
Filadelfie,50.048617,14.453196
Filmové ateliéry,50.031046,14.392093
Filosofská,50.021918,14.4282
Flora,50.078149,14.461904
Florenc,50.090438,14.438626
Formanská,50.014399,14.543972
Františka Veselého,50.12156,14.619996
Franty Kocourka,50.060651,14.403366
Frančíkova,50.010592,14.356874
Fruta,50.043484,14.581516
Fryčovická,50.139278,14.504915
Generála Janouška,50.102634,14.563925
Geologická,50.036308,14.388084
Gercenova,50.050224,14.543524
Goetheho,50.107436,14.404091
Grussova,50.034376,14.370709
Habrová,50.087998,14.491051
Hadovitá,50.051532,14.457148
Hadovka,50.099487,14.375429
Halenkovská,50.062576,14.287016
Hanspaulka,50.104686,14.373023
Hasičská,50.078281,14.603678
Hasova,50.015364,14.426986
Haštalské náměstí,50.091001,14.424039
Hejtmanská,50.105344,14.557118
Hellichova,50.084922,14.404323
Hercovka,50.121964,14.452262
Herink,49.967721,14.57523
Hlavenec,50.237917,14.70089
"Hlavenec,U 4 kamenů křiž.",50.226827,14.7172
Hlavní,50.04673,14.486984
Hlavní nádraží,50.084162,14.434805
Hlohová,50.056392,14.502132
Hloubětín,50.106301,14.537048
Hloubětínská,50.104475,14.535575
Hlubočepy,50.042325,14.404465
Hlušičkova,50.063891,14.316094
Hládkov,50.090382,14.385701
"Hlásná Třebaň,Rovina",49.923447,14.227941
Hlávkova,50.036403,14.314267
Hněvkovského,50.032392,14.518314
Holečkova,50.07427,14.395394
Holoubkovská,50.043576,14.560504
Holubice,50.201677,14.293351
"Holubice,Kozinec",50.196732,14.295022
"Holubice,Kozinec,Habrová",50.198899,14.297766
Holyně,50.029342,14.356116
Horky,50.06166,14.44612
Hornocholupická,49.997476,14.424932
Horní Beřkovice,50.359315,14.345792
Horní Kruty,49.919601,14.959782
"Horní Kruty,Bohouňovice II",49.91449,14.972221
"Horní Kruty,Dolní Kruty",49.91483,14.958366
"Horní Kruty,Přestavlky",49.911255,14.956956
"Horní Kruty,Újezdec",49.900189,14.94751
"Horní Kruty,Újezdec,rozc.0.8",49.89243,14.94482
Horní cesta,50.033267,14.396449
Horoměřice,50.131442,14.339716
"Horoměřice,V lipkách",50.135716,14.336336
"Horoměřice,Švejkova",50.131809,14.349352
Horoušany,50.10619,14.740707
"Horoušany,Horoušánky",50.099749,14.712524
"Horoušany,Horoušánky,Náves",50.098598,14.724582
"Horoušany,U Rybníka",50.108056,14.741199
Horčičkova,50.031892,14.534074
Hostavice,50.090121,14.563329
Hostivařská,50.052756,14.529268
Hostivařské náměstí,50.050126,14.526366
Hostivice,50.081222,14.254407
"Hostivice,Břve",50.069564,14.242531
"Hostivice,Břve,sportovní hala",50.068695,14.247069
"Hostivice,Jeneček",50.082264,14.240226
"Hostivice,Litovice",50.079593,14.245334
"Hostivice,Na Pískách",50.075884,14.257398
"Hostivice,Nouzov",50.080389,14.262581
"Hostivice,Palouky",50.078915,14.281163
"Hostivice,Průmyslová",50.079474,14.270184
"Hostivice,Sportovců",50.07896,14.242225
"Hostivice,Staré Litovice",50.076469,14.238747
"Hostivice,Ve vilkách",50.083229,14.232167
"Hostivice,stadion",50.080859,14.24922
Hostouň,50.11665,14.201533
"Hostouň,Na Pohoří",50.114252,14.201916
"Hostouň,u hřiště",50.110939,14.2036
Hostín u Vojkovic,50.29612,14.39534
Hostýnská,50.081192,14.495524
Hotel Golf,50.068066,14.346724
Hovorčovice,50.182387,14.51638
"Hovorčovice,U Kostela",50.179384,14.517682
Hořany,50.097565,14.945793
Hořín,50.344572,14.462578
"Hořín,Brozánky",50.3494,14.459408
"Hořín,Vrbno",50.324682,14.451424
"Hořín,Zelčín",50.325598,14.439789
Hradební,50.090696,14.427096
Hradešín,50.037951,14.759805
"Hradešín,ObÚ",50.038854,14.755634
"Hradešín,sklady Marca",50.041281,14.76182
Hradištko,50.166238,14.936682
"Hradištko,Brunšov",49.8558,14.402818
"Hradištko,Kersko,Branaldova",50.160872,14.911776
"Hradištko,Kersko,Hrabalova",50.158876,14.902887
"Hradištko,Kersko,U pramene",50.15409,14.909922
"Hradištko,Kersko,hl.sil.",50.138368,14.904881
"Hradištko,Pikovice,Pod Medníkem",49.873329,14.432339
"Hradištko,Pikovice,most",49.877054,14.427393
"Hradištko,Pikovice,obec",49.874714,14.427073
"Hradištko,Rajchardov",49.861958,14.406356
"Hradištko,chaty",50.161807,14.926895
"Hradištko,osada",49.868391,14.420701
"Hradištko,u rybníčku",49.86495,14.411021
"Hradištko,zámek",49.8677,14.409894
Hradčanská,50.097472,14.404198
Hrazanská,49.977811,14.439548
Hrdlořezská,50.09369,14.509478
Hrnčíře,49.997886,14.517418
Hrnčířský hřbitov,50.00247,14.516358
Hrusice,49.909691,14.738604
"Hrusice,Na Šmejkalce",49.903126,14.744519
"Hrusice,Vlčí halíř",49.921021,14.738589
Hulická,50.077676,14.660109
Huntířovská,50.12926,14.543924
"Husinec,Rozc.",50.175422,14.372039
"Husinec,Samota",50.1793,14.390863
"Husinec,Řež",50.170634,14.360162
"Husinec,Řež,Sídliště",50.172444,14.36189
"Husinec,Řež,Záv.",50.177168,14.358366
Husinecká,50.085011,14.444924
Hutmanka,50.056853,14.369462
Hutě,50.10863,14.557474
Hvozdnice,49.875528,14.365423
"Hvozdnice,chaty",49.868414,14.361572
Hybšmanka,50.077934,14.3812
Hydrologický ústav,50.11603,14.392626
Háje,50.030605,14.526949
Hájek,50.050102,14.628106
Hájová,50.017434,14.652708
Högerova,50.034376,14.380958
Hřebenka,50.075085,14.390111
Hříbková,50.02051,14.580191
Hůrka,50.049691,14.341811
I. P. Pavlova,50.075173,14.430627
IKEA Černý Most,50.10555,14.588187
IKEM,50.021701,14.462349
Internacionální,50.135862,14.380328
Invalidovna,50.097668,14.464944
Italská,50.078144,14.436264
Jahodnice,50.087527,14.557923
Jahodnice II,50.087166,14.556854
Jakobiho,50.03325,14.559559
Jalodvorská,50.013667,14.457424
Jana Masaryka,50.073292,14.441084
Jankovcova,50.109522,14.444442
Janovská,50.040784,14.5669
Jarníkova,50.026647,14.494116
Jedličkův ústav,50.060133,14.427017
Jemnická,50.049411,14.459079
Jenerálka,50.10763,14.35366
Jeneč,50.087284,14.216109
"Jeneč,Lidická",50.089394,14.214395
"Jeneč,komerční zóna",50.09263,14.206404
"Jeneč,nádraží",50.093838,14.212573
Jenštejn,50.153003,14.6126
"Jenštejn,Dehtáry",50.142849,14.633617
"Jenštejn,Domov seniorů",50.154297,14.600746
"Jenštejn,Hradní",50.149834,14.618769
Jesenice,49.967956,14.514296
"Jesenice,Belnická",49.969311,14.528501
"Jesenice,Horní Jirčany",49.952211,14.537554
"Jesenice,Horní Jirčany,vodárna",49.946311,14.543144
"Jesenice,Kocanda",49.971068,14.54183
"Jesenice,Osnice",49.969866,14.551534
"Jesenice,Osnice,hřbitov",49.973769,14.54948
"Jesenice,Zdiměřice,Sportovní areál",49.987861,14.521592
"Jesenice,Zdiměřice,bytovky",49.98338,14.525436
"Jesenice,Zdiměřice,u rybníka",49.978703,14.531858
"Jesenice,Zdiměřice,škola",49.974965,14.536134
"Jesenice,bytovky",49.970304,14.508006
Jesenická,50.057206,14.493588
Jevany,49.969636,14.809633
"Jevany,Bohumil",49.977721,14.83941
"Jevany,Lesní podnik",49.977898,14.829168
"Jevany,Penčice",49.958206,14.820955
"Jevany,Smrčiny",49.983487,14.837336
"Jevany,Spojovací",49.975126,14.795435
"Jevany,Černokostelecká",49.971343,14.816932
Jeviněves,50.344982,14.338091
Jezerka,50.057343,14.443049
Jeřická,50.108401,14.609233
Ježovická,50.069688,14.649827
Jindřišská,50.085232,14.430548
Jinonice,50.054385,14.370363
Jinonická,50.069384,14.377516
"Jinočany,Hlavní",50.03151,14.272345
"Jinočany,Nádraží",50.029383,14.263105
"Jinočany,náměstí",50.032692,14.267773
"Jinočany,Žižkova",50.035736,14.263441
Jirny,50.115784,14.698554
"Jirny,DHL",50.121902,14.686187
"Jirny,Logistický park",50.125138,14.690419
"Jirny,Nové Jirny,I",50.103717,14.709012
"Jirny,Nové Jirny,II",50.101729,14.711096
"Jirny,Rozc.",50.126368,14.698862
"Jirny,Zámek",50.114762,14.690936
Jiráskova čtvrť,50.094064,14.546152
Jiráskovo náměstí,50.07601,14.413912
Jirčanská,50.005979,14.45903
Jitřní,50.024482,14.413055
Jiviny,50.077399,14.303804
Jiřice,50.252181,14.833257
Jiřího z Poděbrad,50.077453,14.450164
Jižní Město,50.034378,14.537988
Jordánská,50.11104,14.562792
Juliska,50.110418,14.386058
Jíloviště,49.927826,14.343062
"Jíloviště,Cukrák",49.93485,14.35691
"Jíloviště,U Mostu",49.925696,14.338455
"Jíloviště,Výzkumný ústav",49.942546,14.392229
"Jíloviště,hl.sil.",49.928903,14.342452
Jílovská,50.026634,14.430115
"Jílové u Prahy,Borek",49.879305,14.500024
"Jílové u Prahy,Kamenná Vrata",49.899694,14.46848
"Jílové u Prahy,Luka p.M.,nádraží",49.866273,14.462121
"Jílové u Prahy,Luka p.Medníkem",49.872631,14.467047
"Jílové u Prahy,Pražská",49.898581,14.493902
"Jílové u Prahy,Radlík",49.907355,14.491939
"Jílové u Prahy,Studené,obec",49.886826,14.47649
"Jílové u Prahy,Studené,závod",49.883159,14.481008
"Jílové u Prahy,hřbitov",49.895642,14.478304
"Jílové u Prahy,náměstí",49.895037,14.493079
"Jílové u Prahy,rozc.Radlík",49.91261,14.499264
"Jílové u Prahy,učiliště",49.8974,14.485354
"Jílové u Prahy,Čs.armády",49.89527,14.498754
K Austisu,50.021181,14.341136
K Barrandovu,50.035278,14.383077
K Chatám,49.94793,14.375293
K Cikánce,49.997624,14.341733
K Drsnici,50.142681,14.384612
K Dubečku,50.055326,14.5644
K Fialce,50.05572,14.329456
K Holyni,50.020442,14.359458
K Horoměřicům,50.132312,14.368738
K Hájům,50.055094,14.325163
K Lesoparku,50.049892,14.538553
K Letišti,50.095559,14.293464
K Letňanům,50.143874,14.48425
K Lipanům,50.015918,14.606474
K Netlukám,50.033174,14.609338
K Noskovně,50.11145,14.325091
K Obecním hájovnám,50.043243,14.516292
K Pitkovičkám,50.024692,14.590791
K Sukovu,50.012338,14.546776
K Teplárně,50.168802,14.521184
K Trninám,50.068618,14.311082
K Tuchoměřicům,50.115992,14.291383
K Třebonicům,50.036561,14.29788
K Vystrkovu,49.999559,14.410124
K Zelenči,50.123289,14.623969
K Říčanům,50.015306,14.632225
K Žižkovu,50.099493,14.49625
Kabešova,50.102392,14.508166
Kablo,50.062166,14.537572
Kafkova,50.098255,14.395538
Kajetánka,50.086504,14.371594
Kalinův mlýn,50.111084,14.368006
Kaliště,49.882188,14.774233
"Kaliště,Lensedly",49.894351,14.753729
"Kaliště,Poddubí",49.873879,14.761153
"Kaliště,V Loučkách",49.87742,14.761156
"Kamenice,Kuklík",49.890715,14.622984
"Kamenice,Kult.dům",49.90408,14.586779
"Kamenice,Ládví",49.89448,14.613794
"Kamenice,Nová Hospoda",49.910366,14.584324
"Kamenice,Olešovice",49.904835,14.590719
"Kamenice,Skuheř",49.90184,14.569604
"Kamenice,Těptín",49.89241,14.564729
"Kamenice,Těptín,U Kozlího kamene",49.89665,14.568374
"Kamenice,U dvora",49.89968,14.581144
"Kamenice,Valnovka",49.89798,14.604149
"Kamenice,Všedobrovice",49.91723,14.610149
"Kamenice,Štiřín",49.916266,14.600864
Kamenická,50.099594,14.428911
Kamenný Přívoz,49.86234,14.504024
"Kamenný Přívoz,Kamenný Újezdec",49.857655,14.518854
"Kamenný Přívoz,U křížku",49.86693,14.503564
"Kamenný Přívoz,žel.st.",49.86002,14.514499
Kamenolom Zbraslav,49.959675,14.394266
Kamýcká,50.130458,14.382252
Kapitána Stránského,50.10342,14.575962
Karenova,50.063385,14.368305
Karlovo náměstí,50.075304,14.418489
Karlovy lázně,50.084571,14.413465
Karlík,49.937125,14.261719
Karlínské náměstí,50.092615,14.445876
Karlštejnská,50.052644,14.359048
Kateřinky,50.020584,14.520182
Kateřinská,50.074338,14.426157
Katovická,50.132113,14.428074
Kavalírka,50.069932,14.370726
Kavkazská,50.069568,14.465632
Kavčí hory,50.049526,14.428938
Kazanka,50.117294,14.42804
Kazín,49.951044,14.340825
Kazínská,50.011666,14.386351
Kačerov,50.041853,14.460197
Kbelská,50.105225,14.532638
Kbelský hřbitov,50.14381,14.546725
Kbely,50.130985,14.551442
Ke Březině,49.994409,14.467641
Ke Hrázi,50.086819,14.576255
Ke Kaménce,50.071508,14.30245
Ke Kateřinkám,50.024943,14.51507
Ke Kazínu,49.956416,14.342334
Ke Klíčovu,50.113345,14.508607
Ke Koulce,50.061649,14.404573
Ke Kříži,50.029781,14.595277
Ke Schodům,50.014184,14.415816
Ke Smrčině,50.017778,14.525189
Ke Stadionu,50.147668,14.524783
Ke Stírce,50.12283,14.456009
Ke Xaverovu,50.099668,14.623799
Kelerka,50.115251,14.489599
Kesnerka,50.057884,14.402066
Khodlova,50.110288,14.604069
Klamovka,50.070782,14.379763
Klecany,50.175569,14.412497
"Klecany,Ahold",50.183728,14.411506
"Klecany,Astrapark",50.183479,14.424089
"Klecany,D8 Park",50.176578,14.447159
"Klecany,Drasty",50.196216,14.399414
"Klecany,Drasty,Čistírna",50.192108,14.396486
"Klecany,Klecánky",50.170801,14.402483
"Klecany,U Hřbitova",50.176884,14.419278
"Klecany,U Kostela",50.17742,14.409865
"Klecany,Zdibsko",50.183218,14.441346
Klikovka,50.057001,14.4306
Kloboučnická,50.060391,14.45015
Klokočná,49.959111,14.720119
Klukovice,50.035912,14.366676
Klučov,50.09156,14.912078
"Klučov,Lstiboř",50.079339,14.905399
"Klučov,Skramníky",50.083598,14.958271
"Klučov,U mlýna",50.094877,14.905404
"Klučov,Žhery",50.08537,14.942938
"Kly,Krausovna",50.30872,14.515334
"Kly,Lom",50.314256,14.51489
"Kly,Vinice",50.321379,14.506176
"Kly,Větrušice",50.30098,14.511006
"Kly,Záboří",50.308339,14.521009
Klánova,50.021359,14.423566
Klánovice,50.098977,14.685684
Klárův ústav,50.028001,14.456941
Klínec,49.90086,14.342779
"Klínec,u hřiště",49.90516,14.33605
"Klínec,škola",49.905903,14.331742
Klíčany,50.20106,14.434917
"Klíčany,Břežanská",50.206648,14.43659
Klíčov,50.116817,14.514341
Klíčovská,50.117676,14.508133
Knovízská,50.04137,14.500132
"Kněževes,Stará hospoda",50.118478,14.261725
"Kněževes,U nádraží",50.122172,14.254478
"Kněževes,skladový areál",50.118083,14.268924
Kněžská luka,50.092167,14.492724
Kobrova,50.076134,14.398607
Kobyliská střelnice,50.130968,14.46074
Kobylisy,50.124282,14.454523
"Kochánky,Okrouhlík",50.26678,14.803598
Kodaňská,50.070751,14.460816
Kodymova,50.051484,14.337342
Koh-i-noor,50.067363,14.461449
Kojetice,50.23801,14.508116
"Kojetice,Rozc.",50.236534,14.49459
"Kojetice,Tůmovka",50.229402,14.494616
"Kojetice,žel.st.",50.237513,14.499078
Kokořínská,50.14571,14.485133
Kolbenova,50.110531,14.516085
Koleje Jižní Město,50.017239,14.499901
Koleje Strahov,50.080342,14.390032
Koleje Větrník,50.088764,14.351195
Koloděje,50.060142,14.6407
Kolodějská obora,50.062504,14.62759
Kolonie,50.09339,14.525184
Kolovraty,50.016051,14.621392
Komořany,49.991322,14.410685
Komárovská,50.115309,14.62145
Konojedy,49.948456,14.851245
"Konojedy,Klíče",49.939066,14.858053
"Konojedy,pila",49.94548,14.853052
"Konojedy,rozc.",49.946691,14.83217
Konvářka,50.054617,14.401833
Konětopy,50.27479,14.655624
Korandova,50.022584,14.421116
Korek,50.105784,14.360158
Korkyně,49.780499,14.351885
"Korkyně,Křížov",49.788557,14.352554
Korunovační,50.099704,14.42058
Korytná,50.064792,14.493295
Kosoř,49.98609,14.327544
"Kosoř,rozc.",49.976975,14.328544
"Kostelec n.L.,Jiřice",50.233484,14.55696
"Kostelec n.L.,Na růžku",50.2246,14.584801
"Kostelec n.L.,nám.",50.230835,14.588233
"Kostelec n.L.,u váhy",50.226884,14.584252
"Kostelec n.L.,záv.",50.229272,14.573079
"Kostelec n.L.,žel.st.",50.221684,14.58225
"Kostelec n.Č.l.,Chaloupky",49.992496,14.878935
"Kostelec n.Č.l.,Dobrovského",49.990911,14.85357
"Kostelec n.Č.l.,Jevanská",49.987116,14.84923
"Kostelec n.Č.l.,Na Skalce",49.993021,14.83967
"Kostelec n.Č.l.,Svatbín",49.988026,14.880515
"Kostelec n.Č.l.,Svatbínská",49.983638,14.877328
"Kostelec n.Č.l.,Trativody",49.992781,14.845825
"Kostelec n.Č.l.,Truba",50.005666,14.836385
"Kostelec n.Č.l.,U Křížku",49.991931,14.85304
"Kostelec n.Č.l.,nám.",49.994054,14.860128
"Kostelec n.Č.l.,sanatorium",49.989976,14.863705
Kostelec u Křížků,49.90701,14.558044
"Kostelec u Křížků,škola",49.9097,14.563609
"Kostelní Hlavno,U Kostela",50.258373,14.697432
"Kostelní Hlavno,U Pomníku",50.257184,14.699267
Kostelní Lhota,50.129729,15.031032
"Kostelní Lhota,u kovárny",50.129696,15.022261
"Kostomlaty n.L.,Vápensko,odb.",50.22598,14.924381
Kostrounek,49.969406,14.38219
Kotlářka,50.069943,14.362377
Kounice,50.107978,14.855993
Kouřim,50.005161,14.972741
"Kouřim,Molitorov",49.996414,14.958621
"Kouřim,ZŠ",50.001831,14.974034
"Kouřim,rozc.Běšínov",49.982571,14.976541
"Kouřim,skanzen",49.999371,14.969853
Kovošrot,50.062085,14.542164
Kovárna,50.117378,14.416595
Kovářova-KD Mlejn,50.048317,14.317824
Kozojedy,49.996392,14.813994
"Kozojedy,rozc.",49.991776,14.81293
Kozomín,50.237356,14.372401
"Kozomín,Rozc.0.4",50.240512,14.372808
"Kořenice,rozc.Chotouchov",49.956442,15.121573
Krahulčí,50.107426,14.603804
Krakov,50.127772,14.417052
"Kralupy n.Vlt.,Barvy Laky",50.237604,14.307272
"Kralupy n.Vlt.,Dýhárna",50.240779,14.328289
"Kralupy n.Vlt.,Gymnázium",50.240164,14.299714
"Kralupy n.Vlt.,HELP-Trans",50.247099,14.326239
"Kralupy n.Vlt.,Hřbitov",50.232959,14.310919
"Kralupy n.Vlt.,Kaučuk",50.255524,14.320584
"Kralupy n.Vlt.,Koupaliště",50.253849,14.308309
"Kralupy n.Vlt.,Kovošrot",50.239984,14.333949
"Kralupy n.Vlt.,Lidové nám.",50.236819,14.290664
"Kralupy n.Vlt.,Lobeč",50.245654,14.301454
"Kralupy n.Vlt.,Lobeček",50.247149,14.316314
"Kralupy n.Vlt.,Lobeček,Pískovna",50.243234,14.328219
"Kralupy n.Vlt.,Lobeček,Rozc.",50.250944,14.322754
"Kralupy n.Vlt.,Masarykova",50.250129,14.313214
"Kralupy n.Vlt.,Mikovice",50.230694,14.290159
"Kralupy n.Vlt.,Mikovice,Rozc.0.5",50.232924,14.280489
"Kralupy n.Vlt.,Minice",50.223349,14.299959
"Kralupy n.Vlt.,Modrá hvězda",50.227749,14.296769
"Kralupy n.Vlt.,Městský úřad",50.241349,14.311909
"Kralupy n.Vlt.,Na Krétě",50.232604,14.291409
"Kralupy n.Vlt.,OSP",50.241074,14.303524
"Kralupy n.Vlt.,Revoluční",50.251439,14.311119
"Kralupy n.Vlt.,Růžové údolí",50.23433,14.285979
"Kralupy n.Vlt.,Tesco",50.252419,14.318879
"Kralupy n.Vlt.,Třebízského-věžáky",50.245964,14.316469
"Kralupy n.Vlt.,Třebízského-škola",50.244094,14.320039
"Kralupy n.Vlt.,U Cukrovaru",50.242499,14.309399
"Kralupy n.Vlt.,U Jízku",50.239649,14.303544
"Kralupy n.Vlt.,U Parku",50.252229,14.308789
"Kralupy n.Vlt.,U Požárního domu",50.240409,14.296859
"Kralupy n.Vlt.,U Čejků",50.246649,14.314864
"Kralupy n.Vlt.,U Železničních domů",50.248644,14.310539
"Kralupy n.Vlt.,V Luhu",50.244539,14.307229
"Kralupy n.Vlt.,V Zátiší",50.238889,14.304229
"Kralupy n.Vlt.,Zeměchy",50.229919,14.267269
"Kralupy n.Vlt.,ÚNZ",50.238942,14.306786
"Kralupy n.Vlt.,ČSAD",50.241159,14.296974
"Kralupy n.Vlt.,Čechova",50.236974,14.293039
"Kralupy n.Vlt.,Žel.st.",50.239316,14.313036
Krausova,50.142722,14.506557
Krejcárek,50.095207,14.475356
Krematorium Motol,50.06608,14.326075
Krematorium Strašnice,50.077237,14.485163
"Krhanice,Prosečnice",49.862581,14.53482
Krocínka,50.116045,14.503171
Krupá,50.017296,14.870856
"Krupá,dvůr Chrást",50.039571,14.879776
"Krupá,rozc.Syneč",50.031916,14.876156
Krymská,50.071934,14.447404
Krystalová,50.154916,14.522392
Králova,50.159393,14.524466
Královice,50.037041,14.635598
Královická,50.065276,14.515524
Královský letohrádek,50.094247,14.404762
Krčská,50.04358,14.442511
Krčský hřbitov,50.04628,14.439445
"Krňany,Slapnice",49.839626,14.471421
"Krňany,Teletín",49.827177,14.468246
"Krňany,Závist",49.857846,14.439238
"Krňany,Závist,u křížku",49.856986,14.444361
"Krňany,bytovky",49.845381,14.47701
"Krňany,obec",49.842411,14.475131
"Krňany,rozc.Třebsín",49.852492,14.45642
Krňovická,50.101929,14.659069
Kublov,50.054465,14.418097
Kubánské náměstí,50.070701,14.477446
Kuchyňka,50.116223,14.44777
Kudrnova,50.072284,14.343966
Kukulova,50.078496,14.344542
Kuliška,50.108267,14.366133
Kundratka,50.112576,14.479702
Kunice,49.936031,14.66933
"Kunice,Dolní Lomnice",49.913506,14.685094
"Kunice,Dolní Lomnice,Chlum",49.914576,14.691519
"Kunice,U Dálnice",49.93957,14.668658
"Kunice,U Hřbitova",49.9352,14.678154
"Kunice,Vidovice",49.923775,14.667681
"Kunice,Vidovice,Bonavita",49.921086,14.6667
"Kunice,Vidovice,zámek",49.927911,14.666485
"Kunice,Všešímy",49.923958,14.692145
"Kunice,Všešímy,Pardálov",49.927323,14.683226
"Kunice,Všešímy,SŠŘ",49.920187,14.688669
"Kunice,rozc.Vidovice",49.920356,14.664544
Kunratice,50.0132,14.487514
Kunratická škola,50.013325,14.481634
Kutnohorská,50.064038,14.551933
"Kutná Hora,Centrum",49.949723,15.261198
"Kutná Hora,aut.st.",49.954161,15.272251
"Kutná Hora,k nem.",49.947634,15.256666
"Kutná Hora,poliklinika",49.946835,15.251743
Kvasinská,50.062738,14.642677
Květnice,50.057006,14.684735
"Květnice,Na Ladech",50.068786,14.689245
"Květnice,Rozc.",50.056441,14.680555
"Květnice,Za Mlýnem",50.061406,14.68298
Květnová,50.142709,14.477958
Kyje,50.097792,14.549158
Kyjský hřbitov,50.092848,14.546911
Kyselova,50.126158,14.46347
"Kytín,U Hřbitova",49.847358,14.2251
"Kytín,náves",49.849991,14.218482
"Kytín,rozc.",49.839757,14.244458
"Káraný,Most",50.182641,14.732163
"Káraný,Pošta",50.174756,14.736278
"Káraný,Vodárna",50.177922,14.732362
Křenek,50.231173,14.629144
"Křenek,rozc.1.5",50.240368,14.636106
Křenice,50.032042,14.668481
"Křenice, K Sibřině",50.040744,14.667251
Křeslice,50.023441,14.565084
Křižíkova,50.09329,14.451388
Křížkový Újezdec,49.931076,14.584709
"Křížkový Újezdec,Čenětice",49.943511,14.578695
Křížová,50.063111,14.405057
Kšely,50.043901,14.900531
Labe,50.013734,14.421158
Lahovice,49.988148,14.398202
Lahovický most,49.995433,14.398082
Lahovičky,50.000865,14.397661
Lahovská,49.991456,14.365619
Laurová,50.061208,14.398407
Lazarská,50.079364,14.420261
Ledčice,50.341044,14.294072
"Ledčice,Rozc.",50.335332,14.283808
Lehovec,50.106987,14.547402
Lehárova,50.008883,14.405747
Letecké muzeum,50.125993,14.535891
Letecké opravny,50.135006,14.543796
Letenské náměstí,50.099975,14.423604
Letiště,50.106086,14.271952
Lety,49.920963,14.251136
"Lety,K Libří",49.924803,14.241221
"Lety,Na Návsi",49.921826,14.256497
Letňanská,50.122998,14.507335
Letňany,50.125697,14.516103
Levského,50.005382,14.436985
Lešanská,50.045791,14.483528
Lhota,50.242618,14.65621
Lhotecký les,50.015651,14.437258
Lhotka,50.020918,14.438335
Libeňská,50.137159,14.430041
Libeňský most,50.103425,14.46531
Libeř,49.923286,14.480379
"Libeř,Libeň",49.939141,14.463609
"Libeř,Libeň,Oáza",49.951511,14.474564
"Libeř,Libeň,U Hrušků",49.943221,14.463714
"Libeř,Libeň,odb.STS",49.936056,14.463879
"Libeř,Na ovčíně",49.927646,14.481334
Libiš,50.275484,14.495829
"Libiš,Aut.st.",50.265221,14.510752
"Libiš,Ke Spolaně",50.26498,14.511548
"Libiš,Na Staré štaci",50.268004,14.495879
"Libiš,Obec",50.277204,14.500448
"Libiš,Samoobsluha",50.274317,14.502411
"Libiš,Spolana 3",50.270352,14.513883
"Libiš,Spolana 4",50.274218,14.513074
"Libiš,U Slávisty",50.268654,14.506804
Libocká,50.086763,14.329245
Libošovická,50.111192,14.599492
Libuš,50.0081,14.462874
Liběchov,50.408239,14.44675
"Liběchov,Ješovice",50.431779,14.42545
"Liběchov,Ješovice,rozc.",50.428804,14.415045
"Liběchov,Ješovice,u lípy",50.432349,14.43169
"Liběchov,Malý Liběchov",50.403114,14.450099
"Liběchov,žel.st.",50.412489,14.4404
Liběchovská,50.144053,14.472265
Lichoceves,50.153834,14.284741
"Lichoceves,Noutonice",50.165736,14.280872
"Lichoceves,Noutonice,nádraží",50.15783,14.280046
Lidečská,50.060754,14.30181
Lihovar,50.050534,14.409766
Limuzská,50.078706,14.508267
Lipanská,50.083964,14.453433
Lipany,49.999359,14.617554
Lipence,49.959676,14.352922
Lipnická,50.112555,14.559361
Lipovická,49.996906,14.467622
Litochlebské náměstí,50.031997,14.506336
Litovický potok,50.088646,14.326757
Livornská,50.041142,14.551816
Lnářská,50.028209,14.597524
Lochkov,50.002984,14.352732
Loděnice,49.99403,14.157108
"Loděnice,Jánská,I",49.989457,14.151392
"Loděnice,Jánská,II",49.991339,14.150985
Lohenická,50.149034,14.586883
Lomnická,50.087594,14.563047
Lomy,49.998276,14.329466
Lotyšská,50.104316,14.394921
Louňovice,49.9827,14.760596
"Louňovice,I.hráz",49.989046,14.75648
"Louňovice,II.hráz",49.988361,14.767485
Luka,50.04555,14.321304
Lukavecká,50.116167,14.61756
Lužce,49.983818,14.195252
Lužec n.Vlt.,50.321524,14.400108
"Lužec n.Vlt.,Chramostek",50.328976,14.41637
"Lužec n.Vlt.,Strojírny",50.323516,14.406857
Lužiny,50.044497,14.330442
Lysolaje,50.126726,14.36741
"Lysá n.L.,Byšičky",50.180584,14.794082
"Lysá n.L.,Dvorce",50.207253,14.796601
"Lysá n.L.,Dvorce,odb.",50.208569,14.806702
"Lysá n.L.,Ke Karlovu",50.187774,14.803167
"Lysá n.L.,Litol",50.185094,14.852024
"Lysá n.L.,Litol,Mírová",50.192004,14.848731
"Lysá n.L.,Litol,u mostu",50.17488,14.853632
"Lysá n.L.,pošta",50.200488,14.84129
"Lysá n.L.,předměstí",50.201296,14.828967
"Lysá n.L.,sídl.",50.208006,14.844626
"Lysá n.L.,škola",50.20465,14.841422
"Lysá n.L.,žel.st.",50.195866,14.842123
Ládví,50.126475,14.469809
Lánská,50.098645,14.540518
Lázeňka,50.058384,14.584741
Lázně Toušeň,50.169356,14.716428
"Lázně Toušeň,Zast.",50.170186,14.707326
"Líbeznice,I",50.190138,14.493803
"Líbeznice,II",50.19495,14.496129
"Líbeznice,Pošta",50.194335,14.492735
"Líbeznice,Zdrav.stř.",50.191282,14.495588
"Líbeznice,Škola",50.195311,14.49913
Líbeznická,50.128947,14.455506
Lísek,50.042651,14.456716
Líšnice,49.889492,14.32187
"Líšnice,Spálený mlýn",49.88681,14.349024
"Líšnice,hl.sil.",49.89783,14.319006
Lýskova,50.051024,14.309392
Macharovo náměstí,50.094176,14.381749
Madlina,50.120318,14.4845
Malešická,50.086506,14.48197
Malešická továrna,50.077178,14.525988
Malešické náměstí,50.08501,14.511183
Malostranská,50.091049,14.409731
Malostranské náměstí,50.088052,14.404455
Malotice,49.966081,14.981196
"Malotice,Lhotky",49.955306,14.955746
Malovanka,50.085517,14.382256
Malvazinky,50.064992,14.388449
Malá Chuchle,50.024988,14.394732
Malá Hraštice,49.807515,14.278599
"Malá Hraštice,vilová čtvrť",49.804232,14.281133
Malá Ohrada,50.044117,14.337816
Malý Břevnov,50.076133,14.332522
Maniny,50.103296,14.453264
Mariánské náměstí,50.087296,14.417488
Marjánka,50.084538,14.375695
Masarykovo nádraží,50.087641,14.432661
Masná,50.08923,14.424116
Masojedy,50.026102,14.777815
Maškův mlýn,49.998875,14.318499
Metodějova,50.02616,14.521134
Mezi Hřbitovy,50.082247,14.471931
Mezitraťová,50.100167,14.517853
Mezouň,50.004706,14.214038
Mečeříž,50.290059,14.736248
Michelangelova,50.070225,14.509611
Michelská,50.054382,14.452746
Michnovka,50.039446,14.397183
Mikulova,50.031894,14.514244
Milevská,50.048615,14.43027
Milovice,50.228086,14.883807
"Milovice,5.května",50.224906,14.890912
"Milovice,Armádní",50.2292,14.868069
"Milovice,Balonka",50.229536,14.8926
"Milovice,Benátecká Vrutice",50.230206,14.837643
"Milovice,Benátecká Vrutice,Armádní",50.231959,14.84349
"Milovice,Boží Dar",50.248468,14.916533
"Milovice,Letecká",50.231186,14.887499
"Milovice,Park Mirakulum",50.236862,14.86105
"Milovice,Sportovní",50.23052,14.865161
"Milovice,Telecom",50.22939,14.862831
"Milovice,Tyršova",50.229589,14.864176
"Milovice,radnice",50.228645,14.876357
"Milovice,rozc.Zbožíčko",50.224326,14.896078
"Milovice,škola",50.22857,14.886055
"Milovice,žel.st.",50.229136,14.882235
Milíčov,50.026912,14.531074
Milčice,50.106562,14.992569
"Milčice,křiž.",50.104443,14.992506
Mirovická,50.130884,14.452433
Mirošovice,49.909526,14.714679
Miskovice,49.946546,15.207409
"Miskovice,Přítoky",49.947665,15.237856
Miškovice,50.155922,14.541821
Mladějovská,50.132628,14.560398
Mládí,50.050092,14.322416
"Mnichovice,Myšlín",49.939171,14.719919
"Mnichovice,U hřbitova",49.925683,14.727872
"Mnichovice,U křížku",49.939006,14.715469
"Mnichovice,Závěrka",49.929256,14.717362
"Mnichovice,bytovky",49.941541,14.702093
"Mnichovice,hotel Myšlín",49.939136,14.735479
"Mnichovice,nám.",49.935831,14.709429
"Mnichovice,požární dům",49.933551,14.712114
"Mnichovice,zdrav.stř.",49.9376,14.706166
"Mníšek p. Brdy,závod (hl.sil.)",49.872032,14.26966
"Mníšek p.Brdy,Hladový Vrch",49.865146,14.274884
"Mníšek p.Brdy,Kaple",49.840978,14.246575
"Mníšek p.Brdy,Na Kvíkalce",49.869995,14.250134
"Mníšek p.Brdy,Nad Špejcharem",49.860738,14.257526
"Mníšek p.Brdy,OPS Magdaléna",49.845965,14.267485
"Mníšek p.Brdy,Pražská",49.868114,14.266724
"Mníšek p.Brdy,Rymaně žel.zast.",49.858565,14.280349
"Mníšek p.Brdy,Stř.Lhota U křížku",49.865595,14.242419
"Mníšek p.Brdy,Stříbrná Lhota",49.8639,14.237054
"Mníšek p.Brdy,U Šibence",49.855669,14.255002
"Mníšek p.Brdy,Základní škola",49.862864,14.263147
"Mníšek p.Brdy,náměstí",49.866477,14.261534
"Mníšek p.Brdy,sídliště",49.87068,14.259594
"Mníšek p.Brdy,u hřbitova",49.861299,14.266626
"Mníšek p.Brdy,u hřiště",49.870872,14.261949
"Mníšek p.Brdy,závod",49.87238,14.271399
"Mníšek p.Brdy,ÚVR",49.87991,14.275344
"Mníšek p.Brdy,Čisovická",49.867755,14.270144
"Mníšek p.Brdy,žel.st.",49.853954,14.269558
Mochov,50.14198,14.794684
Modletice,49.970696,14.59073
"Modletice,Doubravice",49.971734,14.606833
"Modletice,Kaufland",49.975364,14.60078
"Modletice,V hůrce",49.975364,14.58962
"Modletice,rozc.",49.970106,14.597735
"Modletice,rozc.Doubravice",49.971438,14.614543
Modrá škola,50.0312,14.523742
Modřanská rokle,50.006371,14.429377
Modřanská škola,50.009019,14.403132
Mokrá,50.033556,14.504479
Mokřanská,50.063442,14.526724
Moravanská,50.1481,14.578444
Morseova,50.035108,14.5589
Moráň,50.074023,14.41873
Most Závodu míru,49.972773,14.395028
Motol,50.0681,14.335788
Mototechna,50.054129,14.316308
Mořina,49.954534,14.204838
"Mořina,Obecní úřad",49.952638,14.213224
"Mořina,Trněný Újezd",49.971872,14.219892
"Mořina,Trněný Újezd,rozc.",49.973468,14.230124
"Mořina,Trněný Újezd,rozc.I",49.969976,14.217726
"Mořina,odb.lom",49.960743,14.205157
"Mořina,u Pěchotů",49.952509,14.217474
Mořinka,49.938568,14.235484
Mratín,50.203276,14.553474
"Mratín,Cukrovar",50.207843,14.557566
Mrkosova,50.007208,14.380889
Mrzky,50.046126,14.81004
Mrákovská,50.028509,14.302106
Mukařov,49.989486,14.740431
"Mukařov,Srbín",49.982541,14.739694
"Mukařov,odb.Tehovec",49.988901,14.735735
"Mukařov,škola",49.9922,14.743948
"Mukařov,Žernovka",49.99969,14.755961
Multiaréna Praha,50.103009,14.493597
Murmanská,50.073426,14.4795
Muzeum,50.079565,14.431682
Myslíkova,50.078068,14.418498
Myšlínská,50.062165,14.534335
Máslovice,50.208855,14.37961
Mílová,50.009965,14.466692
Měchenice,49.908244,14.392518
"Měchenice,rozc.k žel.st.",49.910899,14.385541
"Měchenice,samoobsluha",49.90824,14.389338
"Měchenice,žel.st.",49.911017,14.384269
Měchenická,50.050116,14.488534
Měděnecká,50.149698,14.448677
"Mělník,Blata",50.350244,14.494204
"Mělník,Chloumecká",50.371429,14.497824
"Mělník,Chloumek",50.372554,14.512749
"Mělník,Chloumek,MŠ",50.369059,14.509649
"Mělník,Chloumek,Pohostinství",50.374174,14.501589
"Mělník,Chloumek,kult.dům",50.373634,14.506454
"Mělník,Fibichova",50.350394,14.478799
"Mělník,Mladoboleslavská",50.340899,14.507219
"Mělník,Mlazice,LIAZ",50.381969,14.479049
"Mělník,Mlazice,Liberta",50.379039,14.474189
"Mělník,Mlazice,kam.šraňk",50.380014,14.465174
"Mělník,Mlazice,u závor",50.385784,14.463149
"Mělník,Mlazice,žel.zast.",50.374358,14.466762
"Mělník,Neuberk",50.356904,14.495049
"Mělník,Podolí,nem.",50.358085,14.473742
"Mělník,Podolí,pivovar",50.353854,14.481673
"Mělník,Pšovka",50.362542,14.46841
"Mělník,Rousovice",50.343299,14.500779
"Mělník,Rybáře",50.353004,14.469974
"Mělník,Samoty",50.363764,14.491359
"Mělník,Silo",50.353334,14.497274
"Mělník,Tyršova",50.353729,14.474309
"Mělník,Vehlovice",50.392209,14.462979
"Mělník,Zádušní",50.357834,14.471409
"Mělník,aut.st.",50.350455,14.488713
"Mělník,cukrovar",50.340218,14.491867
"Mělník,koupaliště",50.360326,14.47929
"Mělník,nám.Karla IV.",50.351209,14.476719
"Mělník,poliklinika",50.346979,14.483794
"Mělník,u Nováků",50.332396,14.497339
"Mělník,u hřiště",50.34401,14.487074
"Mělník,u jatek",50.359004,14.486964
"Mělník,záv.Loděnice",50.370375,14.465616
Městský archiv,50.041076,14.495253
Měšice,50.197135,14.519508
"Měšice,Agropodnik",50.208012,14.521483
"Měšice,Na Rejdišti",50.203712,14.521144
Můstek,50.083472,14.423972
Na Beránku,49.997711,14.429091
Na Blanici,50.03689,14.582821
Na Bojišti,50.072856,14.427422
Na Boleslavce,50.169758,14.483919
Na Cikorce,50.012138,14.412665
Na Drahách,49.959046,14.382795
Na Formance,50.016672,14.530507
Na Groši,50.053136,14.523514
Na Havránce,50.006492,14.41005
Na Homoli,50.076267,14.530443
Na Hroudě,50.070252,14.488984
Na Hvězdárně,50.005386,14.376309
Na Hřebenech,50.051643,14.428253
Na Hůrce,50.077893,14.292374
Na Jelenách,50.022143,14.500085
Na Knížecí,50.068608,14.405211
Na Kovárně,50.117929,14.628384
Na Košíku,50.047108,14.515262
Na Křečku,50.044184,14.567107
Na Lukách,50.097538,14.511618
Na Lysinách,50.022332,14.412746
Na Mlýnici,50.114176,14.3207
Na Mlýnku,50.111934,14.373441
Na Míčánkách,50.071125,14.464148
Na Okraji,50.09023,14.344387
Na Padesátníku,50.10225,14.28935
Na Padesátém,50.06456,14.504506
Na Palouku,50.08043,14.488592
Na Parcelách,50.110509,14.335283
Na Pastvinách,50.100984,14.344566
Na Pazderce,50.12512,14.417892
Na Petynce,50.088188,14.381349
Na Planině,50.039552,14.430238
Na Plácku,49.966066,14.39444
Na Pramenech,50.14867,14.49717
Na Proutcích,50.013192,14.502716
Na Pískách,50.099022,14.370017
Na Radosti,50.060517,14.298966
Na Santince,50.106945,14.388666
Na Sklonku,50.066868,14.364226
Na Slovance,50.124109,14.472532
Na Smetance,50.080001,14.437882
Na Srpečku,50.037914,14.399963
Na Staré cestě,50.038556,14.441592
Na Strži,50.043329,14.438412
Na Tykačce,50.152928,14.58578
Na Vartě,50.045494,14.557495
Na Vaňhově,50.080116,14.626196
Na Veselí,50.055777,14.440378
Na Viničkách,49.980047,14.352181
Na Vrchách,50.038594,14.587982
Na Vrstevnici,50.036542,14.435908
Na Šabatce,49.989218,14.408974
Na Šafránce,50.075542,14.347099
Na Štamberku,50.146644,14.480213
Nad Běchovicemi,50.092368,14.6236
Nad Dvorem,50.009726,14.633083
Nad Džbánem,50.094084,14.337437
Nad Habrovkou,50.109084,14.345732
Nad Havlem,50.034085,14.448615
Nad Klamovkou,50.072681,14.377269
Nad Košíkem,50.045009,14.5192
Nad Malou Ohradou,50.040288,14.340038
Nad Markétou,50.083365,14.346838
Nad Pahorkem,50.043011,14.487786
Nad Parkánem,50.012554,14.631436
Nad Primaskou,50.074945,14.489984
Nad Rybníkem,50.087313,14.586129
Nad Rybníky,50.037001,14.447549
Nad Trojou,50.120354,14.439336
Nad Vinným potokem,50.056394,14.458051
Nad Zlíchovem,50.045238,14.404466
Nad Závistí,49.980517,14.404199
Nademlejnská,50.103816,14.524616
Naskové,50.06338,14.360532
Nebozízek LD,50.082256,14.399209
Nebušice,50.112098,14.32138
Nedomice,50.257009,14.615749
Nedvězí,50.016751,14.655517
Nehvizdy,50.1308,14.730729
"Nehvizdy,Nehvízdky",50.140283,14.74433
"Nehvizdy,U Studánky",50.1324,14.737745
Nelahozeves,50.261474,14.300749
"Nelahozeves,Lešany",50.256179,14.285299
"Nelahozeves,Lešany,Rozc.",50.256839,14.296774
"Nelahozeves,Rozc. Staré Ouholice",50.285132,14.313416
"Nelahozeves,Tukové záv.",50.275894,14.309529
"Nelahozeves,U Kaštanu",50.281044,14.314824
"Nelahozeves,U Nadjezdu",50.267174,14.302884
Nemocnice Bubeneč,50.10775,14.401874
Nemocnice Bulovka,50.115677,14.462957
Nemocnice Bulovka - gynekologie,50.116099,14.460118
Nemocnice Bulovka - onkologie,50.116919,14.462768
Nemocnice Krč,50.030568,14.45529
Nemocnice Motol,50.074878,14.340568
Nemocnice Na Františku,50.093112,14.423407
Nemocnice Na Homolce,50.075676,14.354424
Nemocnice Vinohrady,50.076702,14.475515
Nemocnice pod Petřínem,50.086885,14.396352
Nepasické náměstí,50.103768,14.65877
"Neratovice,Byškovice",50.254236,14.494837
"Neratovice,Byškovice,Družstevní",50.255079,14.494684
"Neratovice,Byškovice,Větrná",50.252679,14.488959
"Neratovice,Byškovická",50.255619,14.496684
"Neratovice,Dům kultury",50.258904,14.514579
"Neratovice,Horňátky",50.247096,14.474394
"Neratovice,III.ZŠ",50.254704,14.511976
"Neratovice,Kojetická",50.252736,14.519503
"Neratovice,Korycany",50.254358,14.451886
"Neratovice,Kostomlatského",50.261329,14.525039
"Neratovice,Lobkovice,Hřbitov",50.250353,14.531657
"Neratovice,Lobkovice,Obchodní akademie SOVA",50.253469,14.530909
"Neratovice,Lobkovice,Statek",50.251849,14.538949
"Neratovice,Lobkovice,V Lukách",50.248959,14.536099
"Neratovice,Masarykova",50.259949,14.518689
"Neratovice,Nám.Republiky",50.25936,14.517266
"Neratovice,U Vojtěcha",50.261299,14.507458
"Neratovice,Školní",50.254571,14.517489
"Neratovice,Žel.st.",50.262126,14.517175
Nerudova,50.088311,14.402235
Nespeky,49.85858,14.660599
"Nespeky,rozc.Pyšely",49.86546,14.656714
Netluky,50.041093,14.613134
Netušilská,50.082791,14.645155
"Netvořice,Lhota,rozc.0.5",49.812766,14.48783
"Netvořice,Pošta",49.816992,14.517443
Netřebická,50.129304,14.572817
Nevanova,50.066186,14.311343
"Neveklov,Jablonka",49.778368,14.464851
"Neveklov,Jablonná",49.780042,14.450985
Newtonova,50.035068,14.551924
Norbertov,50.091148,14.37774
Novoborská,50.126283,14.49853
Novochuchelská,50.009086,14.384806
Novodvorská,50.023505,14.440368
Novoměstská radnice,50.077457,14.419521
Novovysočanská,50.100346,14.49152
Novozámecká,50.089331,14.569762
Novoštěrboholská,50.074708,14.561938
Nová Ves,50.265959,14.421908
Nová Ves p.Pleší,49.8312,14.275159
"Nová Ves p.Pleší,Včelník",49.84417,14.279329
"Nová Ves p.Pleší,rozc.k sanat.",49.837555,14.277884
"Nová Ves p.Pleší,sanatorium",49.834105,14.283724
"Nová Ves,Miřejovice,Most",50.281144,14.315899
"Nová Ves,Nové Ouholice",50.302758,14.316691
"Nová Ves,Nové Ouholice,U Havlínů",50.303416,14.317683
"Nová Ves,Rozc.",50.308716,14.314392
"Nová Ves,Staré Ouholice",50.290033,14.321882
"Nová Ves,Vepřek,U Fary",50.308449,14.323866
Nová kolonie,50.050642,14.327983
Nová Šárka,50.092958,14.314728
Nové Butovice,50.050935,14.352352
Nové Dvory,49.802603,14.357306
"Nové Dvory,Krámy",49.799487,14.338048
"Nové Dvory,Krámy,rozc.1.0",49.792331,14.345361
"Nové Dvory,Nová Hospoda",49.799907,14.364652
"Nové Dvory,Porostliny",49.809346,14.372052
Nové Petrovice,50.040046,14.554594
Nové Pitkovice,50.017048,14.584364
Nové Podolí,50.043478,14.429672
Nové Strašnice,50.077603,14.505447
Nové Vokovice,50.100603,14.34077
Nové dvory,50.017468,14.447849
Nové náměstí,50.03168,14.598006
Nový Hloubětín,50.109705,14.52941
Nový Knín,49.788306,14.293286
"Nový Knín,ELKO",49.788816,14.290744
"Nový Knín,Libčice",49.754868,14.308622
"Nový Knín,Sudovice",49.786726,14.307666
"Nový Knín,sokolovna",49.792523,14.290597
Nový Prosek,50.12111,14.504041
Nový Slivenec,50.026458,14.373516
Nový Střížkov,50.118518,14.483914
Nový Vestec,50.183739,14.720198
"Nový Vestec,Na Pískách",50.18514,14.714088
"Nový Vestec,U Mostu",50.184046,14.728972
Nupaky,49.994656,14.602655
"Nupaky,hotel",49.993949,14.597924
"Nupaky,školka",49.992001,14.606513
Nuselská radnice,50.062852,14.441607
Nuselské schody,50.068271,14.435541
Nučice,49.955036,14.88456
"Nučice,Na Kladívku",49.958523,14.882859
"Nučice,Na Krahulově",50.015302,14.217209
"Nučice,Pod vinicí",50.020225,14.230712
"Nučice,Prokopská náves",50.016806,14.232044
"Nučice,Sokolská",50.015612,14.224012
"Nučice,bytovky",50.019954,14.235806
"Nučice,nádraží",50.02422,14.224744
"Nučice,žel.zast.",50.014298,14.213296
Nušlova,50.054792,14.3462
Nymburská,50.126746,14.558482
Nábřeží Kapitána Jaroše,50.096323,14.431298
Nádraží Braník,50.028856,14.405731
Nádraží Běchovice,50.081146,14.598887
Nádraží Běchovice střed,50.084425,14.616711
Nádraží Dolní Počernice,50.087135,14.571859
Nádraží Hlubočepy,50.041276,14.394185
Nádraží Holešovice,50.108941,14.439695
Nádraží Horní Měcholupy,50.048662,14.564871
Nádraží Horní Počernice,50.115604,14.612863
Nádraží Hostivař,50.053372,14.537184
Nádraží Hostivař (ul. Průmyslová),50.053473,14.535936
Nádraží Kbely,50.134941,14.554989
Nádraží Klánovice,50.086656,14.66483
Nádraží Klánovice-sever,50.087946,14.665388
Nádraží Krč,50.03509,14.443738
Nádraží Kyje,50.097422,14.542736
Nádraží Libeň,50.102038,14.502547
Nádraží Modřany,50.003884,14.403368
Nádraží Podbaba,50.11175,14.394117
Nádraží Radotín,49.984599,14.363231
Nádraží Ruzyně,50.085544,14.307988
Nádraží Satalice,50.123352,14.571136
Nádraží Strašnice,50.068395,14.492583
Nádraží Uhříněves,50.033535,14.592598
Nádraží Veleslavín,50.095891,14.347812
Nádraží Vršovice,50.065694,14.447873
Nádraží Vysočany,50.110227,14.499045
Nádraží Zbraslav,49.972626,14.400182
Nádraží Čakovice,50.150818,14.514291
Nádraží Řeporyje,50.031821,14.309581
Nákladové nádraží Žižkov,50.084732,14.469898
Náměstí Bratří Synků,50.064549,14.441012
Náměstí Jiřího Berana,50.150595,14.526639
Náměstí Míru,50.075083,14.438088
Náměstí Před Bateriemi,50.090997,14.373816
Náměstí Republiky,50.088874,14.429802
Náměstí U Lva,50.035304,14.315676
Náměstí Winstona Churchilla,50.084018,14.440382
Náplavka Smíchov,50.068268,14.411789
Národní divadlo,50.081283,14.413896
Národní třída,50.080588,14.419918
Nárožní,50.05342,14.33002
Násirovo náměstí,50.001372,14.421553
Návětrná,50.022942,14.358597
Obchodní centrum Hostivař,50.053779,14.519223
Obchodní centrum Sárská,50.053698,14.297088
Obchodní centrum Zličín,50.049989,14.297249
Obchodní centrum Čakovice,50.149973,14.508225
Obchodní centrum Černý Most,50.108366,14.587362
Obchodní centrum Šestka,50.093412,14.292358
Obchodní centrum Štěrboholy,50.072171,14.54274
Obchodní náměstí,50.00473,14.404622
Obora Hvězda,50.07814,14.34086
Observatoř Libuš,50.006843,14.445891
Obříství,50.29525,14.477582
"Obříství,Dušníky",50.297198,14.468944
"Obříství,Štěpánský most",50.288864,14.495037
Ocelářská,50.103672,14.487398
Oderská,50.146926,14.530256
Odlehlá,50.098418,14.481833
"Odolena Voda,Dolní náměstí",50.233197,14.411236
"Odolena Voda,Dolínek",50.22565,14.421654
"Odolena Voda,Dolínek,Vodolská",50.227792,14.421085
"Odolena Voda,U klubu",50.22867,14.411576
"Odolena Voda,U školy",50.228606,14.414723
"Odolena Voda,záv.",50.220363,14.408242
Odra,50.130896,14.423366
Ohrada,50.090682,14.468513
Ohradní,50.052371,14.454089
Ohradské náměstí,50.037335,14.335454
Ohrobec,49.943725,14.431584
"Ohrobec,Károv",49.94739,14.419959
"Ohrobec,U Čisteckých",49.94777,14.433994
"Ohrobec,u rybníka",49.94246,14.431474
Okoř,50.162753,14.257801
Okořská,50.135907,14.431481
Okrouhlická,50.119679,14.46033
Okrouhlo,49.91884,14.447599
"Okrouhlo,Zahořany",49.909455,14.459154
Oleška,49.972778,14.913668
"Oleška,Brník",49.983918,14.906978
"Oleška,Brník,u rybníka",49.98264,14.90509
"Oleška,Bulánka",49.989632,14.934741
"Oleška,Krymlov",49.957506,14.928026
"Oleška,Králka",49.987253,14.929528
"Oleška,rozc.Krymlov",49.970042,14.931942
Olšanská,50.083451,14.464968
Olšanské hřbitovy,50.077995,14.466911
Olšanské náměstí,50.082571,14.458143
"Ondřejov,Turkovice",49.902745,14.756768
"Ondřejov,Turkovická",49.905822,14.772716
"Ondřejov,Třemblat",49.92852,14.762678
"Ondřejov,Třemblat,K Myšlínu",49.930608,14.753132
"Ondřejov,Třemblat,Lipská",49.936184,14.758134
"Ondřejov,Třemblat,náves",49.929899,14.761815
"Ondřejov,Třemblat,rozc.Mnichovice",49.916156,14.764272
"Ondřejov,Třemblat,rozc.Zvánovice",49.926921,14.763719
"Ondřejov,U pily",49.908808,14.773903
"Ondřejov,hřbitov",49.8994,14.787529
"Ondřejov,nám.",49.904611,14.783519
Opatov,50.027797,14.508477
Oplany,49.925104,14.865945
"Oplany,háj.",49.924435,14.88115
Opálová,50.021669,14.363987
Ordovická,50.060038,14.332113
Orionka,50.075636,14.459369
Ortenovo náměstí,50.107719,14.447825
Osadní,50.103199,14.446816
Osecká,50.146734,14.448488
Ostrov Štvanice,50.096949,14.447954
Ostrčilovo náměstí,50.065064,14.42479
Otakara Vrby,50.076602,14.603354
Otakarova,50.06559,14.440561
Otínská,49.982439,14.355906
Otěšínská,49.99838,14.367329
Ovčáry,50.251791,14.613085
"Ovčáry,Kopa,rozc.0.6",50.243817,14.593965
Ovčí hájek,50.046342,14.347666
Ořech,50.021525,14.296924
"Ořech,K Ovčínu",50.015872,14.292389
"Ořech,u sokolovny",50.020835,14.294858
"Ořech,u školy",50.0198,14.296332
Ořechovka,50.092877,14.379212
Ořešská,50.030417,14.304958
Paceřická,50.119602,14.611024
Palackého náměstí,50.073253,14.414785
Palackého náměstí (nábřeží),50.072225,14.414105
Palmovka,50.104147,14.474713
Palouček,50.061412,14.437129
Panenské Břežany,50.214457,14.440534
"Panenské Břežany,Zámek",50.211566,14.436506
Pankrác,50.051481,14.439148
Parking Blanka,50.115584,14.436754
Pavelkova,50.000001,14.42735
Pavlíkova,50.009369,14.455625
Pařížská,50.08943,14.419111
Pekárenská,50.049451,14.463949
Pelc Tyrolka,50.115182,14.445671
Peluněk,49.969,14.375782
Perlit,50.085526,14.537768
Pernerova,50.089354,14.443104
Perunova,50.075442,14.454392
Petrov,49.887008,14.432114
"Petrov,Bohuliby",49.885698,14.470652
"Petrov,Bohuliby,obora",49.89128,14.45482
"Petrov,Chlomek",49.888283,14.413754
"Petrov,U Ručiček",49.888161,14.441674
"Petrov,Ve Vilách",49.889077,14.422131
Petrské náměstí,50.091293,14.432238
Petržílova,49.999042,14.423216
Petýrkova,50.030864,14.487578
Petřiny,50.087506,14.344922
Petříkov,49.926791,14.615519
"Petříkov,Radimovice",49.936301,14.617054
"Petříkov,rozc.",49.920835,14.621829
Petřín LD,50.081916,14.396654
"Pečky,Tona",50.093402,15.027162
"Pečky,Velké Chvalovice",50.097955,15.014236
"Pečky,žel.st.",50.090329,15.028134
Picassova,50.034916,14.594057
Pilovská,50.081938,14.648749
Pitkovice,50.022801,14.578333
Platónova,49.998792,14.416758
Plaňanská,50.081762,14.499903
Plošná,50.068467,14.517532
Plynárna Satalice,50.121934,14.565674
Plzeňka,50.063583,14.408767
Plánická,49.992048,14.36544
Pobřežní cesta,50.033961,14.407809
Pod Chodovem,50.035611,14.493928
Pod Dálnicí,50.044999,14.461592
Pod Děvínem,50.053348,14.405688
Pod Hradem,50.038238,14.637686
Pod Hájem,50.124684,14.381424
Pod Karlovem,50.069167,14.432742
Pod Kesnerkou,50.059034,14.403566
Pod Konvářkou,50.055509,14.405058
Pod Krocínkou,50.114008,14.511841
Pod Královkou,50.08586,14.378801
Pod Kyjovem,49.965718,14.369058
Pod Lipkami,50.072962,14.373111
Pod Lochkovem,50.002832,14.350537
Pod Mezí,50.026904,14.355299
Pod Oborou,50.063073,14.63631
Pod Pekařkou,50.043777,14.424588
Pod Rapidem,50.07226,14.484166
Pod Ryšánkou,50.036718,14.426908
Pod Táborem,50.092211,14.512006
Pod Třebešínem,50.080984,14.48565
Pod Vinicí,50.055576,14.483792
Pod Vsí,50.011301,14.514358
Pod Vyhlídkou,50.095122,14.376594
Pod Zatáčkou,49.956005,14.381586
Pod Říhákem,49.989034,14.362033
Pod Šafránkou,50.073351,14.348432
Pod Šmukýřkou,50.061184,14.375433
Pod Žvahovem,50.043496,14.403091
Podbělohorská,50.075283,14.372782
Podhajská pole,50.129702,14.430871
Podhoří,50.12254,14.399118
Podkovářská,50.102959,14.513914
Podlužanská,50.079818,14.649524
Podnikatelská,50.087376,14.617566
Podolanka,50.156918,14.598907
Podolská vodárna,50.059012,14.419818
"Poděbrady,Oáza",50.133396,15.099938
"Poděbrady,Přední Lhota,u Kopečků",50.131988,15.086622
"Poděbrady,Riegrovo nám.",50.143398,15.122224
"Poděbrady,hřbitov",50.13359,15.102422
"Poděbrady,žel.st.",50.148754,15.124481
Pohořelec,50.087799,14.388196
Pohoří,49.90044,14.525092
"Pohoří,Chotouň",49.900445,14.511824
"Pohoří,Markvart",49.892115,14.550684
"Pohoří,Pohorka",49.897436,14.532834
"Pohoří,Skalsko",49.893105,14.540014
"Polerady,rozc.",50.201402,14.589358
Polesná,50.078251,14.654917
Polešovická,50.079134,14.653812
Poliklinika Barrandov,50.034065,14.374675
Poliklinika Budějovická,50.043354,14.45007
Poliklinika Frýdecká,50.13862,14.508928
Poliklinika Háje,50.03385,14.527474
Poliklinika Lípa,50.051234,14.346622
Poliklinika Malešice,50.080632,14.501158
Poliklinika Mazurská,50.127301,14.41363
Poliklinika Modřany,50.00473,14.418409
Poliklinika Petrovice,50.039242,14.560974
Poliklinika Petřiny,50.08994,14.358011
Poliklinika Prosek,50.12823,14.49235
Poliklinika Vltavská,50.098102,14.436588
Poliklinika Vysočany,50.108776,14.49435
Poliklinika Zahradní Město,50.056528,14.496963
Poliklinika Černý Most,50.107626,14.572516
Poliklinika Čumpelíkova,50.126958,14.460492
Polygrafická,50.080198,14.519484
"Popovičky,Chomutovice",49.956931,14.603424
"Popovičky,Nebřenice",49.943631,14.608969
"Popovičky,rozc.",49.961846,14.60091
Postřižín,50.23334,14.386312
"Postřižín,U Kapličky",50.232195,14.387218
Povltavská,50.116078,14.433816
Počeradská,50.139236,14.451766
"Poříčany,prodejna",50.10591,14.917946
"Poříčany,u Hroudů",50.109305,14.916796
"Poříčany,škola",50.108422,14.913874
"Poříčany,žel.st.",50.11074,14.922075
Pošta Újezd nad Lesy,50.073414,14.654788
Poštovka,50.068506,14.35386
Poštovská,50.11059,14.508766
Prašná,50.035001,14.520883
Prašný most,50.094819,14.395073
Pražská tržnice,50.098244,14.444729
Pražská čtvrť,50.027942,14.366857
Pražského povstání,50.056083,14.43459
Pražský hrad,50.093234,14.398228
Prosecká,50.117746,14.497646
Prosek,50.119146,14.49875
Prosluněná,50.044901,14.402255
Prunéřovská,50.143868,14.450866
Prusice,49.968276,14.876655
"Prusice,rozc.",49.969416,14.881545
Prvomájová,49.9855,14.357132
Právnická fakulta,50.091479,14.417731
Práčská,50.053618,14.509683
Průběžná,50.071515,14.48611
Průchova,50.062493,14.366191
Průhonice,50.001676,14.560892
"Průhonice,Hole",49.999474,14.55011
"Průhonice,Komárov",50.003211,14.548435
"Průhonice,Rozkoš",49.999976,14.531832
"Průhonice,Tovární",49.997803,14.548996
"Průhonice,hájovna",49.994605,14.544509
Průhonský háj,50.109957,14.34129
Průmstav,50.047052,14.575348
Průmyslová,50.072512,14.535637
Psohlavců,50.026392,14.417341
Psáry,49.93672,14.514376
"Psáry,Dolní Jirčany",49.948856,14.519624
"Psáry,Dolní Jirčany,cihelna",49.951541,14.511669
"Psáry,Domov Laguna",49.931891,14.508204
"Psáry,Štědřík",49.941881,14.515789
Ptice,50.051701,14.175632
"Ptice,křiž.",50.052401,14.167511
Pučálka,50.112392,14.358103
"Pyšely,Nová Ves",49.88113,14.686059
"Pyšely,Zaječice",49.895154,14.682098
"Pyšely,hotel Doly",49.86734,14.660634
"Pyšely,nám.",49.877098,14.678013
"Pyšely,sokolovna",49.87505,14.678544
Pánkova,50.01821,14.649283
Pávovské náměstí,50.09321,14.540858
Písečná,50.125743,14.443513
Písková,50.003084,14.417574
Písková Lhota,50.13105,15.06988
Písnice,49.990926,14.468458
Píškova,50.041162,14.334351
Pětihosty,49.885846,14.704394
Předboj,50.226,14.478156
"Předboj,Rozc.",50.224546,14.495122
"Předměřice n.Jiz.,u kostela",50.255791,14.782428
Přední Kopanina,50.117186,14.298088
Přehvozdí,50.027991,14.83994
"Přehvozdí,U hřbitova",50.030301,14.841158
"Přerov n.L.,Nový Přerov",50.165845,14.837225
"Přerov n.L.,U skanzenu",50.1604,14.824939
"Přerov n.L.,rozc.u obory",50.146642,14.825606
"Přezletice,Horní náves",50.156397,14.575668
"Přezletice,Kocanda",50.159756,14.573441
"Přezletice,U Rybníka",50.154957,14.580837
"Přezletice,Vinořská",50.154141,14.577348
Přeštická,50.044692,14.512394
Přeštínská,49.99374,14.376282
Přistoupim,50.055496,14.876491
"Přistoupim,rozc.",50.063546,14.876561
Přišimasy,50.051807,14.760229
"Přišimasy,Horka",50.048956,14.76422
Příborská,50.131424,14.511036
Přímské náměstí,50.098911,14.678394
Přírodní,50.013293,14.45283
Přístav Holešovice,50.104707,14.455814
Přístav Radotín,49.994418,14.393488
Přístaviště,50.03985,14.409633
Přívorská,50.13608,14.436377
Přívozní,50.11028,14.451711
"Rabyně,Blaženice",49.789347,14.470004
"Rabyně,Loutí",49.799961,14.457469
"Rabyně,Měřín",49.789791,14.430018
"Rabyně,Nedvězí",49.805694,14.473358
"Rabyně,Stromeč",49.799988,14.442166
"Rabyně,Strážovna",49.797748,14.472944
"Rabyně,hl.přístav",49.822726,14.43204
"Rabyně,hotel Nová Rabyně",49.810285,14.429486
"Rabyně,rozc.Blaženice",49.791973,14.471942
Radhošťská,50.077633,14.45748
Radiová,50.069676,14.537296
Radlická,50.058496,14.388742
Radonice,50.141576,14.612763
"Radonice,Penny Market",50.132657,14.620011
"Radonice,Spojovací",50.142776,14.610048
Radonická,50.154818,14.53805
Radotínská,50.011426,14.389141
Radošovická,50.066839,14.495902
Radějovice,49.946761,14.564464
"Radějovice,Olešky",49.949146,14.57149
Raichlova,50.039376,14.328382
Rajská zahrada,50.106566,14.55993
"Ratboř,rozc.Těšínky",49.953937,15.144689
Ratibořická,50.111293,14.61416
Reinerova,50.074212,14.310146
Rektorská,50.087418,14.506833
Rembrandtova,50.068184,14.51245
Roblín,49.962078,14.247865
"Roblín,Kuchařík",49.97751,14.249063
"Roblín,hájovna",49.963774,14.264006
Rohanský ostrov,50.096962,14.450144
Rohožnická,50.073254,14.677932
Rokoska,50.117376,14.457512
Rokycanova,50.086168,14.455481
Ronešova,50.107174,14.565882
Rosečská,50.038468,14.455583
Rostoklaty,50.072598,14.80216
"Rostoklaty,Nová Ves II",50.071519,14.82269
"Rostoklaty,žel.st.",50.080448,14.803868
Rousínovská,50.146224,14.571387
Roztocká,50.12701,14.39873
"Roztoky,Bělina",50.155472,14.396174
"Roztoky,Levý Hradec",50.16605,14.371699
"Roztoky,Masarykova",50.165331,14.386883
"Roztoky,Solníky",50.166078,14.385445
"Roztoky,Tyršovo nám.",50.161034,14.392194
"Roztoky,U rybníčku",50.161402,14.382737
"Roztoky,nádraží",50.159126,14.39767
"Roztoky,rozc.Žalov",50.160302,14.372253
Roztylské náměstí,50.044486,14.478574
Roztyly,50.037653,14.477329
Rozýnova,50.080051,14.368741
Rtyňská,50.081382,14.57153
"Rudná,Celní úřad",50.020186,14.205062
"Rudná,Dušníky",50.037096,14.240056
"Rudná,Hewlett-Packard",50.018103,14.201254
"Rudná,Hořelice",50.026959,14.212528
"Rudná,Nerudova",50.031944,14.226385
"Rudná,U kina",50.03416,14.232312
"Rudná,U nádraží",50.038784,14.244518
"Rudná,V Brance",50.025098,14.21791
"Rudná,Vypich",50.015829,14.197996
"Rudná,Za Panskou zahradou",50.02256,14.206884
"Rudná,zdrav.stř.",50.032297,14.231788
"Rudná,škola",50.03001,14.221252
Ruská,50.071444,14.451323
Ruzyňská,50.085816,14.325096
Ruzyňská škola,50.083508,14.318099
Ruzyňský hřbitov,50.076028,14.312146
Ruzyňský velkoobchod,50.086336,14.313684
Rychnovská,50.135126,14.514033
Ryšánka,50.040758,14.438529
Rájecká,50.025244,14.601825
Rápošovská,50.077342,14.654313
Sadská,50.133264,14.986389
"Sadská,Husova",50.137285,14.985093
"Sadská,Mrsolská cesta",50.149962,14.96492
"Sadská,Prokopova",50.1288,14.984496
"Sadská,hotel Modrá Hvězda",50.145208,14.980844
"Sadská,kaple",50.133634,14.969282
Safírová,49.989776,14.350358
Santoška,50.066472,14.399136
Satalice,50.125648,14.571474
Satalická obora,50.12662,14.57498
Schengenská,50.106044,14.272407
Schodová,50.068242,14.363553
Sdružení,50.054468,14.442558
Sedlec,50.168005,14.435334
"Sedlec,PEMA",50.184872,14.448162
Sedlecký přívoz,50.133351,14.393366
Sekeřická,50.113052,14.610129
Selská,50.046084,14.524144
Selských baterií,50.073968,14.316343
Semice,50.164163,14.875194
"Semice,křiž.",50.165795,14.857439
"Semice,rozc.Velenka",50.162808,14.87902
"Semice,školka",50.164078,14.86942
Sendražická,50.098857,14.667261
"Senohraby,U zvoničky",49.895426,14.718039
"Senohraby,U Školy",49.895545,14.72074
"Senohraby,odb.",49.895246,14.713134
"Senohraby,žel.st.",49.897361,14.727929
Serpentina,50.036078,14.401021
Severozápadní,50.046868,14.476214
Sezemická,50.124408,14.619046
Sibeliova,50.092706,14.384141
Sibiřské náměstí,50.104609,14.405958
Sibřina,50.056495,14.669696
"Sibřina,Stupice",50.053271,14.64785
"Sibřina,Říčanská",50.053997,14.668108
Sicherova,50.115146,14.561108
Skalka,50.068249,14.507801
Skloněná,50.100393,14.48773
Skládka Chabry,50.146012,14.455855
Skládka Ďáblice,50.154318,14.485636
Sklářská,50.057243,14.536618
"Skorkov,Otradovice",50.210432,14.744448
"Skorkov,Otradovice,křiž.",50.216212,14.741581
"Skorkov,Podbrahy",50.2207,14.745635
"Skorkov,U Transformátoru",50.230985,14.749495
"Slapy,Jednota",49.81274,14.398532
"Slapy,Na Rovínku",49.819596,14.40637
"Slapy,Na polesí",49.820642,14.385804
"Slapy,motorest I",49.816982,14.39471
"Slapy,motorest II",49.816709,14.395671
Slatinová,50.037742,14.323397
Slatiňanská,50.10814,14.59131
Slavia,50.068965,14.470219
Slavínského,50.033069,14.385975
Slivenec,50.020117,14.355208
Slivenecká,50.037984,14.390266
Slovinská,50.07078,14.459143
Sluhy,50.190434,14.558517
"Sluhy,Nad Hájem",50.192565,14.569466
"Sluhy,rozc.Brázdim",50.195576,14.558658
"Sluštice,Škola",50.039556,14.685007
Služská,50.124339,14.44988
Slánská,50.06449,14.308969
Smaragdová,50.026482,14.36071
Smiřická,50.089699,14.666376
Smržovská,50.094912,14.668838
Smíchovské nádraží,50.060931,14.409177
Sobín,50.067902,14.26371
Sojovice,50.222005,14.761422
Solidarita,50.076884,14.494275
Solná,49.996557,14.366284
Sovenická,50.137201,14.547016
Sovákova,50.123169,14.581632
Spalovna Malešice,50.080184,14.53806
Sparta,50.099298,14.418488
Spiritka,50.077168,14.367709
Spojovací,50.091733,14.498843
Spolská,50.090614,14.541556
Spomyšl,50.334116,14.360549
"Spomyšl,U Lávky",50.336049,14.367791
Sportareál Satalice,50.124315,14.56732
Spořická,50.145667,14.442516
Spořilov,50.049162,14.4822
Správa sociálního zabezpečení,50.05928,14.405901
Stadion Strahov,50.078434,14.388421
Starochuchelská,50.011451,14.385866
Starodejvická,50.096906,14.371309
Starolázeňská,50.016093,14.389593
Staroměstská,50.088557,14.416496
Staroměstské náměstí,50.087937,14.420889
Stará Lysá,50.221451,14.803232
"Stará Lysá,host.",50.225397,14.800293
"Stará Lysá,Čihadla",50.240004,14.78693
Stará Stodůlecká,50.049384,14.3573
Stará obec,50.088726,14.578991
Staré Bohnice,50.133609,14.415806
Staré Letňany,50.137893,14.516927
Staré náměstí,50.081852,14.31055
Starý Hloubětín,50.104653,14.52967
Starý Prosek,50.118107,14.490671
Starý Spořilov,50.042542,14.47351
Starý Vestec,50.144566,14.846692
Starý Zličín,50.061724,14.280451
Statenice,50.141684,14.318416
"Statenice,U kovárny",50.143571,14.322912
"Statenice,Černý Vůl",50.148729,14.328418
"Statenice,Černý Vůl,hospoda",50.146702,14.333089
Stavební zóna Horní Počernice,50.116431,14.59937
Staňkovice,49.875889,15.0175
"Staňkovice,Chlum,rozc.0.5",49.87665,15.000256
"Staňkovice,Nová Ves,rozc.0.3",49.87992,15.037884
"Staňkovice,Ostašov,rozc.1.1",49.877949,15.031879
"Staňkovice,Smilovice,rozc.1.0",49.878938,14.990635
Stejskalova,50.109466,14.472331
Stodůlky,50.046653,14.307025
Straky,50.233451,14.960026
"Strančice,Kašovice",49.944496,14.639804
"Strančice,Otice",49.964001,14.645334
"Strančice,Otice,U viaduktu",49.964891,14.654595
"Strančice,Předboř",49.945821,14.628079
"Strančice,Svojšovice",49.955759,14.657309
"Strančice,Všechromy",49.948361,14.656484
"Strančice,Všechromy,náves",49.948925,14.650848
"Strančice,rozc.průmyslová zóna",49.943691,14.64804
"Strančice,škola",49.947183,14.674598
"Strančice,žel.st.",49.949576,14.678385
Strašnická,50.072723,14.491004
Strnady,49.94565,14.394558
Strojírenská,50.06589,14.288373
Strossmayerovo náměstí,50.09888,14.433315
Struhařov,49.952361,14.744234
"Struhařov,Habr",49.953796,14.752689
"Struhařov,U hřiště",49.956661,14.750469
Strážní,50.092254,14.481273
Studenecká,50.087123,14.575805
"Stř.Skalice,Kost.Střimel.,Skalka",49.915661,14.799189
Střelničná,50.125814,14.459118
"Stříbrná Skalice,Blatiny",49.897726,14.854576
"Stříbrná Skalice,Hrad.Střimelice",49.901701,14.816019
"Stříbrná Skalice,Hradec",49.925786,14.830155
"Stříbrná Skalice,Hruškov",49.908084,14.833514
"Stříbrná Skalice,Kost.Střimelice",49.915431,14.806979
"Stříbrná Skalice,Propast",49.922301,14.82907
"Stříbrná Skalice,U Konvalinků",49.891963,14.860863
"Stříbrná Skalice,V Můstkách",49.902878,14.831396
"Stříbrná Skalice,Vozlín",49.902573,14.838868
"Stříbrná Skalice,náměstí",49.897771,14.845965
"Stříbrná Skalice,žel.st.",49.886828,14.857313
Střížkov,50.126603,14.488822
Suchdol,50.064595,14.694006
"Suchdol,Vysoká,rozc.1.2",49.95153,15.181458
Sudovo Hlavno,50.262427,14.685077
"Sudovo Hlavno,rozc.k háj.",50.270768,14.665091
Sudějovická,50.075248,14.665744
Sulice,49.923696,14.557124
"Sulice,Hlubočinka",49.933916,14.55932
"Sulice,Hlubočinka,Obchodní centrum",49.938717,14.553014
"Sulice,Na Křížkách",49.926772,14.568972
"Sulice,Nechánice",49.915391,14.538801
"Sulice,Želivec",49.915747,14.582191
"Sulice,Želivec,Mandava",49.922937,14.575576
Sulická,50.026476,14.44565
Sušická,50.101838,14.372807
Svatoplukova,50.065057,14.429624
Svatoňovická,50.08416,14.574308
Svatý Jan p.Skalou,49.968722,14.133315
"Svatý Jan p.Skalou,Sedlec",49.97841,14.135438
"Svatý Jan p.Skalou,Svatý Jánek",49.97388,14.135071
Svojetice,49.972271,14.738374
"Svojetice,K Tehovci",49.975999,14.734964
"Svojetice,Na skalce",49.969241,14.73907
"Svojetice,Na vyhlídce",49.963046,14.745124
"Svojetice,U Hájenky",49.965862,14.733094
Svrkyně,50.171508,14.295982
Svárov,50.062602,14.151174
"Svárov,Rymáň",50.069524,14.143687
"Svárov,škola",50.063584,14.154458
Svémyslice,50.146233,14.648332
Svépravice,50.103009,14.610312
Světice,49.970836,14.66248
"Světice,škola",49.972235,14.665116
Sychrov,50.120291,14.657324
"Sázava,aut.st.",49.874885,14.90739
"Sázava,osada Kopaniny",49.879418,14.883098
"Sázava,Černé Budy",49.874875,14.896025
Sídlištní,50.127182,14.378154
Sídliště Barrandov,50.031507,14.368125
Sídliště Bohnice,50.131612,14.410609
Sídliště Hloubětín,50.10649,14.542519
Sídliště Homolka,50.073634,14.351758
Sídliště Jahodnice,50.088806,14.55061
Sídliště Jinonice,50.051062,14.365637
Sídliště Kobylisy,50.127042,14.452108
Sídliště Krč,50.022978,14.451397
Sídliště Lehovec,50.10326,14.548641
Sídliště Lhotka,50.017197,14.434106
Sídliště Libuš,50.006109,14.454183
Sídliště Malešice,50.082948,14.508011
Sídliště Modřany,50.005221,14.43312
Sídliště Na Dědině,50.089926,14.309832
Sídliště Na Groši,50.057959,14.521372
Sídliště Novodvorská,50.02511,14.434393
Sídliště Pankrác,50.049062,14.434937
Sídliště Petrovice,50.034679,14.563305
Sídliště Petřiny,50.086764,14.339941
Sídliště Prosek,50.122498,14.493732
Sídliště Písnice,50.00086,14.466503
Sídliště Radotín,49.980209,14.35354
Sídliště Rohožník,50.07263,14.681808
Sídliště Skalka,50.062609,14.511374
Sídliště Spořilov,50.047792,14.490208
Sídliště Stodůlky,50.046958,14.316941
Sídliště Zahradní Město,50.0569,14.513119
Sídliště Zbraslav,49.968108,14.384632
Sídliště Zličín,50.060234,14.29324
Sídliště Čakovice,50.157663,14.520298
Sídliště Červený Vrch,50.098024,14.359237
Sídliště Čimice,50.144114,14.43202
Sídliště Ďáblice,50.132507,14.479282
Sídliště Řepy,50.065312,14.298503
"Tachlovice,Jakubská náves",50.010944,14.243292
"Tachlovice,Na vrškách",50.014051,14.241164
Tachovské náměstí,50.087286,14.452329
Talichova,50.088641,14.366356
Tatce,50.091834,14.976038
"Tatce,žel.zast.",50.099718,14.98366
Tehov,49.970821,14.693355
"Tehov,Hačálka",49.971236,14.679062
"Tehov,Lada",49.980591,14.70306
Tehovec,49.981641,14.729265
"Tehovec,Mototechna",49.990081,14.724985
"Tehovec,Vojkov",49.98869,14.712564
Tehovičky,50.012959,14.623408
Televizní věž,50.080242,14.373291
Tempo,50.020036,14.45196
Teplická,50.125362,14.486242
Teplárna Malešice,50.083143,14.5259
Teplárna Michle,50.05282,14.47468
Teplárna Třeboradice,50.16338,14.514756
Terasy,50.036963,14.400169
Terezínská,50.127371,14.500659
Terminál 1,50.107514,14.268493
Terminál 2,50.105064,14.268054
Terminál 3,50.098,14.290141
Thákurova,50.100108,14.386416
Tiskařská,50.082951,14.534091
Tismice,50.058516,14.819274
"Tismice,Hřbitov",50.055154,14.825194
"Tismice,Limuzy",50.056952,14.789009
"Tismice,MŠ",50.056241,14.817
"Tismice,Na Kopečku",50.060756,14.829223
"Tismice,bytovky",50.059462,14.824806
Tišice,50.269893,14.55543
"Tišice,Kozly",50.256468,14.560474
"Tišice,záv.Kafilerie",50.286271,14.540675
Tolstého,50.072609,14.459774
Topolová,50.054076,14.507508
Toulcův dvůr,50.047801,14.519342
Toužimská,50.136278,14.52271
Továrny Hostivař,50.056275,14.542773
Točná,49.972676,14.431774
Trnová,49.915202,14.357644
"Trnová,rozcestí",49.92121,14.336298
"Trnová,škola",49.916932,14.34855
Trojská,50.116706,14.432683
Truhlářská,50.089459,14.428682
Trutnovská,50.146242,14.505725
"Tuchoměřice,Kněžívka",50.13043,14.275522
"Tuchoměřice,Obecní úřad",50.132757,14.279234
"Tuchoměřice,Pastvišťata",50.133,14.290754
"Tuchoměřice,Statenická",50.132543,14.283943
"Tuchoměřice,U Hřiště",50.134264,14.28393
"Tuchoměřice,U dvora",50.127171,14.273076
"Tuchoměřice,komerční zóna",50.134845,14.256172
"Tuchoměřice,rozc.",50.124256,14.26957
"Tuchoměřice,zámek",50.1357,14.279916
"Tuchoměřice,Špejchar",50.13627,14.273691
"Tuchoměřice,Štěrbův mlýn",50.135438,14.301817
Tuchoraz,50.048136,14.850666
"Tuchoraz,U sadů",50.050906,14.855461
Tuhaň,50.29505,14.516193
"Tuhaň,Červená Píska",50.295081,14.534954
"Tuhaň,Červená Píska,I",50.294788,14.533452
Tuháňská,50.158343,14.542675
Tuklaty,50.085421,14.76773
"Tuklaty,Tlustovousy",50.090758,14.759011
Tupolevova,50.134506,14.50589
Tursko,50.190726,14.321161
Tusarova,50.100778,14.450016
Tylova čtvrť,50.008126,14.415524
Tyršova čtvrť,50.014093,14.4107
Tálínská,50.100905,14.546066
"Týnec n.Sáz.,aut.st.",49.834405,14.592249
"Týnec n.Sáz.,hrad Zbořený Kostelec",49.853345,14.589461
"Týnec n.Sáz.,Čakovice",49.86991,14.593159
"Týnec n.Sáz.,Čisté potoky",49.860395,14.584894
Těšnov,50.091698,14.43656
Třebenická,50.129368,14.481225
Třebešovská,50.115534,14.62607
Třebešín,50.084164,14.481854
Třebonice,50.045126,14.280542
Třeboradice,50.162962,14.524822
Třebotov,49.973155,14.289474
"Třebotov,Kala",49.96373,14.280334
"Třebotov,Solopisky",49.96027,14.296749
"Třebotov,Solopisky,ZD",49.961675,14.293089
"Třebotov,pomník",49.975655,14.304844
"Třebotov,sanatorium",49.97468,14.297049
"Třebotov,škola",49.973679,14.291973
Třebovle,50.025437,14.955666
"Třebovle,Borek",50.031676,14.9457
"Třebovle,Království,rozc.",50.014584,14.968402
Třinecká,50.13424,14.509818
U Belárie,50.016856,14.403556
U Bílého mlýnku,50.155309,14.528012
U Dobešky,50.040195,14.419163
U Drahaně,50.135402,14.415999
U Dálnice,50.020492,14.507399
U Elektry,50.103469,14.518998
U Hangáru,50.108373,14.277175
U Háje,50.042215,14.420488
U Jankovky,49.988208,14.367934
U Kapličky,49.962117,14.360874
U Kaštanu,50.083652,14.363111
U Kestřánků,49.986935,14.356814
U Kundratky,50.117819,14.487755
U Kunratického lesa,50.02293,14.488952
U Kříže,50.112513,14.475802
U Křížku,50.01598,14.356709
U Labutě,50.035805,14.456117
U Ladronky,50.079868,14.362094
U Lesíka,50.064709,14.358574
U Libušské sokolovny,50.004801,14.46435
U Libušského potoka,50.005831,14.423766
U Lomů,49.997248,14.33837
U Lípy,50.052379,14.494503
U Matěje,50.112234,14.380024
U Mezníku,50.051105,14.623072
U Měchurky,50.0647,14.378232
U Nemocnice,50.073522,14.42093
U Palaty,50.077192,14.388018
U Památníku,50.086789,14.445904
U Počernického rybníka,50.084865,14.59374
U Prioru,50.086938,14.319096
U Průhonu,50.104922,14.450025
U Průseku,50.059115,14.516962
U Radiály,50.075632,14.553624
U Rozcestí,50.016634,14.634933
U Spojů,50.145668,14.475274
U Staré pošty,50.036035,14.411772
U Staré školy,50.090177,14.421086
U Studánky,49.996774,14.48513
U Střediska,50.058662,14.557747
U Tabulky,50.117862,14.602459
U Továren,50.056396,14.539978
U Tří svatých,50.01155,14.477418
U Vodojemu,50.122548,14.527328
U Vody,50.110636,14.44801
U Vojenské nemocnice,50.090184,14.363918
U Václava,50.114648,14.310592
U Včely,49.96883,14.388238
U Waltrovky,50.058874,14.372627
U Zvoničky,50.010126,14.460663
U Zvonu,50.071587,14.387319
U Školy,50.043842,14.421674
"Uhlířské Janovice,nám.",49.880661,15.064276
Uhříněves,50.029803,14.604474
Uhříněveský hřbitov,50.027942,14.615692
Ukrajinská,50.064998,14.452526
"Unhošť,nám.",50.085575,14.134413
Urbanova,50.062467,14.383908
Urxova,50.095119,14.456313
V Chotejně,50.058114,14.533428
V Korytech,50.054448,14.48875
V Ladech,50.013256,14.513738
V Lískách,50.019784,14.463799
V Mokřinách,50.020292,14.408166
V Nových domcích,50.056507,14.533916
V Násypu,50.044671,14.402628
V Podbabě,50.12176,14.394158
V Přístavu,50.108486,14.453745
V Remízku,50.026148,14.368579
V Rybníčkách,50.070596,14.507248
V Sedlci,50.128202,14.39478
V Sudech,49.992242,14.345993
V Uličce,50.041442,14.395777
V Zápolí,50.046684,14.468172
V Zátiší,50.022592,14.432699
Vackov,50.086856,14.487544
Vackova,50.044801,14.315291
Vajgarská,50.101968,14.554558
Valtická,50.066129,14.26624
Ve Studeném,50.031594,14.422788
Ve Vilkách,50.015464,14.54002
Ve Výrech,50.035092,14.306013
Ve Žlíbku,50.110774,14.624504
Velenka,50.139287,14.896545
Veletržní palác,50.101972,14.432945
Veleň,50.172843,14.552816
"Veleň,Mírovice",50.168385,14.543291
"Veleň,U Pomníku",50.174066,14.555965
Veliká Ves,50.241865,14.454965
Velká Chuchle,50.01215,14.380733
Velká Lečice,49.81631,14.324369
Velká Ohrada,50.035474,14.335967
Velké Popovice,49.921476,14.644285
"Velké Popovice,Brtnice",49.91329,14.635604
"Velké Popovice,Lojovice",49.897468,14.649306
"Velké Popovice,Todice",49.92202,14.64898
"Velké Popovice,pivovar",49.92178,14.634329
"Velké Popovice,pošta",49.92219,14.639776
"Velké Popovice,rozc.Krámský",49.909671,14.643569
"Velké Popovice,Řepčice",49.902781,14.621897
"Velké Popovice,škola",49.922641,14.63948
Velké Přílepy,50.160456,14.310834
"Velké Přílepy,Pražská",50.15635,14.31633
"Velké Přílepy,Roztocká",50.157424,14.320773
Velký Borek,50.345019,14.515719
"Velký Borek,Skuhrov",50.340349,14.511769
Veltrusy,50.271954,14.324354
"Veltrusy,STS",50.266954,14.333972
Venušina,50.026288,14.608626
Veronské náměstí,50.040189,14.558065
Veslařský ostrov,50.051357,14.414657
"Vestec,BIOCEV",49.98342,14.488082
"Vestec,Obchodní centrum",49.983036,14.495804
"Vestec,Obecní úřad",49.979921,14.500644
"Vestec,Safina",49.985652,14.494016
"Vestec,U Klimešů",49.98084,14.507572
"Vestec,U vodárny",49.986275,14.51574
"Vestec,Šátalka",49.978278,14.499257
Vidoule,50.055825,14.365208
Vinice,50.076676,14.490483
Vinohradská tržnice,50.077061,14.442069
Vinohradská vodárna,50.075398,14.449724
Vinohradské hřbitovy,50.077675,14.480709
Vinopalnická,50.11995,14.470382
Vinoř,50.151922,14.591002
Vinořská,50.139972,14.575799
Vinořský hřbitov,50.14484,14.579631
Vitice,50.029286,14.911156
"Vitice,Chotýš",50.018951,14.903646
"Vitice,Dobré Pole",50.000351,14.92545
"Vitice,Hřiby",50.033886,14.918184
"Vitice,Lipany,mohyla",50.033332,14.939982
"Vitice,Močedník",50.018676,14.910391
"Vitice,u školy",50.031036,14.915826
Višňová,50.031226,14.447766
Vlastibořská,50.120299,14.598815
Vlastina,50.09115,14.316224
Vlašimská,50.074392,14.465041
Vlkančice,49.901947,14.898134
"Vlkančice,Komorce",49.92225,14.898081
"Vlkančice,Pyskočely",49.881528,14.86111
"Vlkančice,Pyskočely,Na Bábě",49.884346,14.87475
"Vlkančice,Pyskočely,Plužiny",49.879293,14.872471
"Vlkančice,Stará Hůra",49.893531,14.888467
"Vlkančice,U Králů",49.897458,14.896216
"Vlkančice,U zbořeného mlýna",49.910335,14.902972
Vlnitá,50.035089,14.421127
Vltavská,50.0993,14.438545
Vodičkova,50.079894,14.42317
Vodochody,50.20612,14.398735
"Vodochody,Hoštice",50.202074,14.406357
"Vodochody,Rozc.Hoštice",50.202825,14.400748
"Vodochody,U Školy",50.20759,14.396789
Vojenská nemocnice,50.091724,14.360058
Vojická,50.113876,14.603916
Vojkovice,50.296868,14.377774
"Vojkovice,Bukol",50.314395,14.392736
"Vojkovice,Bukol,Přívoz",50.317418,14.398318
"Vojkovice,Dědibaby",50.310577,14.361911
"Vojkovice,Křivousy",50.307222,14.371008
Volha,50.02151,14.493452
Vonoklasy,49.9505,14.276769
"Vonoklasy,chaty",49.95447,14.285584
"Vonoklasy,samoobsluha",49.947328,14.275736
Vosmíkových,50.114327,14.473094
Voznice,49.816686,14.216893
"Voznice,Chouzavá",49.835962,14.224291
"Voznice,polesí",49.812262,14.212409
Vozovna Hloubětín,50.107091,14.528579
Vozovna Kobylisy,50.132887,14.45387
Vozovna Motol,50.06786,14.340921
Vozovna Pankrác,50.056966,14.437857
Vozovna Strašnice,50.076625,14.488541
Vozovna Střešovice,50.093899,14.389259
Vozovna Vokovice,50.093044,14.330968
Vozovna Žižkov,50.091587,14.474987
"Vrané n.Vlt.,Lesní",49.92246,14.396298
"Vrané n.Vlt.,Modřínová",49.93171,14.385819
"Vrané n.Vlt.,zdrav.stř.",49.935047,14.380282
"Vrané n.Vlt.,škola",49.936623,14.37821
"Vrané n.Vlt.,žel.st.",49.938774,14.381112
Vraňany,50.317124,14.361899
"Vraňany,Mlčechvosty",50.318649,14.339899
"Vraňany,U Nadjezdu",50.338182,14.377874
"Vraňany,Škola",50.319124,14.363358
"Vraňany,Žel.st.",50.335016,14.372132
Vrbova,50.031841,14.426924
Vrátkov,50.049531,14.838591
"Vráž,U jelena",49.985511,14.131707
"Vráž,rozc.k žel.st.",49.982988,14.125652
Vrážská,49.989965,14.370006
Vršovické náměstí,50.069095,14.454548
Vršovický hřbitov,50.063256,14.466709
Vychovatelna,50.118523,14.464303
Vykáň,50.119758,14.816962
Vypich,50.079916,14.345604
Vyskočilova,50.048446,14.45859
Vysokovská,50.108993,14.602833
Vysoký Újezd,49.902814,14.34159
"Vysoký Újezd,Kozolupy",49.974665,14.192743
"Vysoký Újezd,Kuchař,I",49.981992,14.23614
"Vysoký Újezd,Kuchař,II",49.982002,14.23584
"Vysoký Újezd,sokolovna",49.995118,14.205716
Vysočanská,50.110681,14.502005
Vyšehořovice,50.11843,14.77311
"Vyšehořovice,Kozovazy",50.125126,14.778734
"Vyšehořovice,Vyšehořovičky",50.119217,14.78626
Vyšehrad,50.061558,14.430532
Vyžlovka,49.987106,14.788461
"Vyžlovka,hotel Praha",49.984071,14.7892
VÚ Běchovice,50.089202,14.612378
Václavka,50.06521,14.393319
Václavské náměstí,50.081815,14.425498
Vítězné náměstí,50.099758,14.395528
Výhledské náměstí,50.135038,14.373275
Výhledy,50.137191,14.368687
Výstaviště Holešovice,50.104425,14.431541
Výstaviště Letňany,50.12889,14.511989
Výtoň,50.067766,14.414893
Výžerky,49.945167,14.88325
"Výžerky,rozc.",49.930774,14.891236
Větrník,50.089575,14.350354
Větrov,50.073449,14.424395
Větrušice,50.191516,14.384316
"Všenory,U Kácovských",49.927395,14.303219
"Všenory,U Křížků",49.92217,14.305424
"Všenory,sportovní areál",49.929495,14.300219
Všestarská,50.100386,14.662666
Všestary,49.958726,14.685354
"Všestary,Menčice",49.95404,14.700163
"Všestary,Strančická",49.954892,14.683425
"Všestary,Vávrov",49.945626,14.692179
Všestudy,50.289689,14.341535
"Všestudy,Dušníky n.Vlt.",50.309817,14.337717
"Všestudy,U Sušárny",50.301004,14.339802
Všetaty,50.282739,14.589884
"Všetaty,Přívory",50.287247,14.576544
"Všetaty,Přívory,Průhon",50.286956,14.567853
"Všetaty,odb.k Přívorům",50.283574,14.585238
"Všetaty,žel.st.",50.282959,14.585669
Wagnerova,50.036074,14.527318
Wattova,50.037451,14.561983
Weberova,50.073501,14.355874
Winklerova,50.065298,14.596435
Xaverov,50.101255,14.62536
Xaverovský háj,50.101168,14.619525
Za Chalupami,50.005267,14.356124
Za Farou,50.020053,14.350725
Za Horou,50.092132,14.535084
Za Kapličkou,50.12793,14.572622
Za Mototechnou,50.058962,14.328105
Za Nadjezdem,50.056876,14.548597
Za Novákovou zahradou,50.123828,14.577425
Za Pavilonem,50.060938,14.588411
Za Skalkou,50.045616,14.41936
Za Slánskou silnicí,50.071034,14.306452
Za Tratí,50.167108,14.519105
Za Čimickým hájem,50.135442,14.447541
Zadní Jiviny,50.07704,14.298637
Zadní Kopanina,50.006627,14.312902
"Zahořany,zvláštní škola",49.8506,14.287144
Zahradnictví,50.003068,14.384057
Zahradní Město,50.06058,14.505801
Zahradníčkova,50.069509,14.336513
Zahrádky,50.027267,14.31245
Zamašská,50.14043,14.546902
Zamenhofova,50.077408,14.538162
Zatáčka,50.025259,14.42515
Zborov - Strašnické divadlo,50.077296,14.500694
Zborovská,50.072415,14.407647
Zbožíčko,50.226635,14.937868
Zbraslavské náměstí,49.976137,14.39372
"Zbuzany,Obecní úřad",50.023221,14.28634
"Zbuzany,nádraží",50.025792,14.281941
Zbyslavská,50.074171,14.671417
Zderazská,49.980642,14.348227
Zdiby,50.166567,14.452121
"Zdiby,Přemyšlení",50.168436,14.431077
"Zdiby,Přemyšlení,V Remízkách",50.17225,14.425304
"Zdiby,U Celnice",50.161376,14.452516
"Zdiby,U Parku",50.166412,14.452802
"Zdiby,Veltěž",50.167705,14.440227
"Zdiby,Veltěž,Pošta",50.167702,14.446063
"Zdiby,Výzkumný ústav",50.171334,14.451914
Zdiměřická,50.022243,14.517591
Zeleneč,50.133268,14.660662
"Zeleneč,Bezručova",50.132222,14.66035
"Zeleneč,Mstětice",50.142004,14.692819
"Zeleneč,Obora",50.137338,14.659821
"Zeleneč,U Hřiště",50.130062,14.656463
"Zeleneč,Žel.zast.",50.130686,14.664103
Zelená,50.10728,14.394835
Zelená liška,50.048606,14.4433
Zelené domky,50.016,14.469438
Zelený pruh,50.039272,14.427512
Zemanka,50.039176,14.423182
Zemědělská univerzita,50.133225,14.377388
Zentiva,50.06159,14.546315
Zhořelecká,50.130992,14.417466
"Zlatníky-Hodkovice,Břežanská",49.970211,14.483219
"Zlatníky-Hodkovice,Slunečná",49.966621,14.482204
"Zlatníky-Hodkovice,U hasičárny",49.957146,14.480424
"Zlatníky-Hodkovice,náves",49.960531,14.480759
"Zlatníky-Hodkovice,u prodejny",49.962461,14.481099
Zlatá,50.040424,14.710411
Zličín,50.05419,14.29075
Zlonín,50.217321,14.508198
"Zlonín,Rozc.",50.210694,14.499246
Zlončice,50.229076,14.359209
Zlosyň,50.27811,14.366559
Zlíchov,50.046074,14.407694
Zmrzlík,50.011776,14.312866
Zoologická zahrada,50.11663,14.411606
Zvole,49.933285,14.418569
"Zvole,Jílovská",49.93059,14.423819
"Zvole,Nová Zvole",49.92401,14.421239
"Zvole,Černíky",49.92081,14.419649
"Zvole,škola",49.934492,14.418384
Zvonařka,50.071304,14.434403
Zvánovice,49.932121,14.777909
"Zvánovice,Kádov",49.937105,14.780474
Záběhlice,50.055978,14.479561
Záběhlická škola,50.053034,14.503178
Záhorského,50.030365,14.370881
Zálesí,50.028138,14.451392
Zálezlice,50.307662,14.437804
"Zálezlice,Kozárovice",50.311187,14.42495
Zámky,50.13677,14.395044
Zápy,50.164456,14.678319
"Zápy,Ostrov lázně",50.161458,14.67262
"Zápy,PREFA",50.174738,14.696905
"Zápy,Stavby mostů",50.176982,14.691594
"Zápy,Tesco Brandýs n.L.",50.176641,14.67024
"Zápy,U Pomníku",50.165841,14.680992
Záryby,50.220638,14.625875
"Záryby,Martinov",50.212818,14.634607
"Zásmuky,Doubravčany",49.961151,15.005991
"Zásmuky,Dupanda",49.958714,15.028679
"Zásmuky,nám.",49.954199,15.030244
"Zásmuky,rozc.Vršice",49.960126,15.018502
"Zásmuky,u sokolovny",49.952146,15.036974
Zátišská,50.016718,14.410924
Závist,49.976309,14.402163
Závodiště Chuchle,50.007455,14.389096
Úholičky,50.161311,14.33471
"Úholičky,Na Habří",50.158196,14.335155
"Úholičky,V kopci",50.159246,14.333826
Úhonice,50.044922,14.185074
"Úhonice,škola",50.041946,14.186453
Újezd,50.081155,14.404758
Újezd  LD,50.082631,14.403464
Újezd nad Lesy,50.076117,14.658443
Újezdec,50.281578,14.41997
Únětice,50.151818,14.354933
"Únětice,Na parcelách",50.148651,14.355433
"Únětice,Obecní úřad",50.150351,14.354824
Ústav mateřství,50.02451,14.460042
Ústavy Akademie věd,50.017976,14.466883
Ústřední,50.069658,14.543447
Ústřední dílny DP,50.074509,14.532299
"Úvaly,Elektromechanika",50.079503,14.712522
"Úvaly,Na Slovanech",50.068511,14.73379
"Úvaly,Radlická čtvrť",50.065671,14.716435
"Úvaly,Rozc.Horoušánky",50.093336,14.717644
"Úvaly,V Setých",50.085751,14.718358
"Úvaly,Žel.st.",50.074426,14.722728
Úžice,50.255926,14.380564
"Úžice,Benátky",49.901959,14.932242
"Úžice,Chrastná,rozc.0.5",49.886952,14.965906
"Úžice,Kopeč",50.251062,14.42228
"Úžice,Netřeba",50.262066,14.424436
"Úžice,Smrk,rozc.0.8",49.881324,14.982614
"Úžice,rozc.Mělník",49.904684,14.925962
"Úžice,Čekánov,rozc.0.5",49.889417,14.956101
"Úžice,Červená Lhota",50.263179,14.390996
ČSAD Smíchov,50.054546,14.409029
Čakovice,50.15181,14.529969
Čakovická,50.119076,14.518725
Čakovický zámek,50.151684,14.521516
Čakovičky,50.231659,14.530292
Čechova čtvrť,50.002282,14.411027
Čechova škola,50.117183,14.423424
Čechovo náměstí,50.068034,14.458914
Čechův most,50.094069,14.417308
"Čelákovice,Kovohutě",50.167293,14.762275
"Čelákovice,Nám.",50.162879,14.749979
"Čelákovice,Rozc.Sedlčánky",50.162611,14.78672
"Čelákovice,Rumunská",50.160615,14.744114
"Čelákovice,Sedlčánky",50.167965,14.787217
"Čelákovice,TOS",50.163708,14.742752
"Čelákovice,Toušeňská",50.156072,14.744183
"Čelákovice,U Hájku",50.164368,14.766776
"Čelákovice,V Prokopě",50.160166,14.735278
"Čelákovice,Záluží",50.144195,14.745509
"Čelákovice,Záluží,Cihelna",50.150156,14.748487
"Čelákovice,Žel.st.",50.157964,14.753533
Černická,50.08015,14.505983
Černokostelecká,50.07791,14.510229
Černolice,49.909278,14.299011
"Černolice,Nový Dvůr",49.91289,14.307739
Černouček,50.360779,14.307011
Černošice,49.956372,14.311681
"Černošice,Dr.Janského",49.950867,14.328832
"Černošice,II škola",49.946908,14.326587
"Černošice,Javorová",49.944658,14.312533
"Černošice,Kladenská",49.953423,14.319166
"Černošice,Komenského",49.96102,14.323339
"Černošice,Masopustní náměstí",49.941556,14.329364
"Černošice,Mokropsy žel.zast.",49.946517,14.330116
"Černošice,Slunečná",49.942675,14.317634
"Černošice,U Kamenného mostu",49.940567,14.326333
"Černošice,U Vodárny",49.967028,14.330012
"Černošice,Vráž U transformátoru",49.94733,14.308019
"Černošice,Vráž samoobsluha",49.94975,14.314194
"Černošice,žel.zast.",49.959118,14.322464
Černé Voděrady,49.940291,14.807089
"Černé Voděrady,Chaloupky",49.944976,14.810014
"Černé Voděrady,ObÚ",49.942071,14.807184
Černíky,50.102233,14.819713
Černínova,50.088964,14.461704
Černý Most,50.10893,14.577389
Černý kůň,50.022642,14.404118
Čertousy,50.122523,14.635316
Čertův vršek,50.117236,14.474052
Červený Vrch,50.096829,14.352641
Červený dvůr,50.083718,14.478146
Červený Újezd,50.068976,14.165222
"Červený Újezd,U Náprstků",50.065656,14.165186
"Červený Újezd,rozc.",50.059083,14.166394
Červeňanského,50.03896,14.335209
Českobrodská,50.091814,14.532963
Českolipská,50.126428,14.501783
Českomoravská,50.105997,14.492146
"Český Brod,Jana Kouly",50.073231,14.863351
"Český Brod,Jungmannova",50.072243,14.858255
"Český Brod,Kollárova",50.074935,14.857802
"Český Brod,Liblice,Bylanská",50.071634,14.884504
"Český Brod,Liblice,SEŠ",50.076278,14.879918
"Český Brod,Liblice,obec",50.074682,14.882791
"Český Brod,Liblice,vodárna",50.078414,14.876646
"Český Brod,Na Bulánce",50.071982,14.856445
"Český Brod,U vodárny",50.091081,14.86477
"Český Brod,Zahrady",50.057881,14.846846
"Český Brod,Zborovská",50.07787,14.863984
"Český Brod,muzeum",50.074697,14.853792
"Český Brod,nem.",50.073304,14.85225
"Český Brod,sídliště",50.069601,14.852301
"Český Brod,Štolmíř",50.085945,14.842095
"Český Brod,žel.st.",50.076199,14.865606
Čestlice,50.001727,14.58388
"Čestlice,Albert hypermarket",50.00456,14.574768
"Čestlice,Asbis",50.00038,14.577521
"Čestlice,Kika-Aquapalace",50.00759,14.573565
"Čestlice,Lipová",49.997091,14.584924
"Čestlice,Polní",50.003434,14.5795
"Čestlice,Rehau",49.996756,14.582991
"Čestlice,V Oblouku",50.006267,14.571804
Čimice,50.14081,14.430658
Čimický háj,50.127329,14.435608
Čisovice,49.86355,14.315699
"Čisovice,Bojov",49.87163,14.348409
"Čisovice,Bojov,višňovka",49.866815,14.339019
"Čisovice,Bojov,žel.st.",49.88045,14.348129
"Čisovice,Pod Horou",49.86348,14.311554
"Čisovice,u školy",49.864348,14.321096
"Čisovice,žel.st.",49.857724,14.319092
Čím,49.779792,14.37678
"Čím,Hrdlička",49.783113,14.385638
Čínská,50.10898,14.394303
Ďáblice,50.148674,14.486675
Ďáblický hřbitov,50.137589,14.478714
"Řehenice,Babice",49.88121,14.623299
"Řehenice,Dařbože",49.872175,14.610809
"Řehenice,Křiváček",49.86689,14.644139
Řeporyjské náměstí,50.032808,14.312008
Řepský hřbitov,50.072826,14.30755
Řepínská,50.133516,14.430045
Řepčická,50.047932,14.545002
"Řevnice,nám.",49.914437,14.236358
Řezáčovo náměstí,50.100511,14.43663
Řitka,49.894728,14.298566
"Řitka,Bučina",49.889845,14.288759
"Řitka,hl.sil.",49.893028,14.304993
Římská,50.076768,14.435405
Říčanova,50.081388,14.353056
"Říčany,5.května",49.993371,14.66644
"Říčany,Jažlovice",49.963841,14.633955
"Říčany,K žel.st.",49.9992,14.667772
"Říčany,Komenského nám.",49.992057,14.664614
"Říčany,Kuří",49.987662,14.619959
"Říčany,Kuříčko",49.988094,14.637872
"Říčany,Marvánek",49.985221,14.655167
"Říčany,Nádraží",49.996581,14.662195
"Říčany,Olivovna",49.991878,14.691328
"Říčany,Pacov",50.012701,14.673895
"Říčany,Pacov,Horní Pacov",50.013568,14.682122
"Říčany,Pivoňková",49.989611,14.676964
"Říčany,Pod Kavčí Skálou",49.99091,14.674776
"Říčany,Pod lihovarem",49.997241,14.65886
"Říčany,Podhradí",49.991541,14.651395
"Říčany,Rychta",49.994496,14.68315
"Říčany,Spojovací ZŠ",49.998181,14.670402
"Říčany,Strašín",50.003233,14.701942
"Říčany,Strašín,rest.",49.999771,14.70363
"Říčany,U Milána",49.993751,14.658366
"Říčany,U Větrníku",50.001536,14.66295
"Říčany,U lípy",49.990136,14.649885
"Říčany,U nem.",49.996116,14.6778
"Říčany,U podjezdu",50.001566,14.66314
"Říčany,Voděradská",49.983021,14.64757
"Říčany,Voděrádky",49.977361,14.63852
"Říčany,Voděrádky,Pod Mostem",49.979765,14.635389
"Říčany,Voděrádky,U Kapličky",49.978366,14.639265
"Říčany,Wolkerova",49.995251,14.64972
"Říčany,hřbitov",49.988756,14.64408
"Říčany,nám.",49.991656,14.655665
"Říčany,park A.Švehly",49.995161,14.6599
"Říčany,prům.areál Černokostelecká",50.004681,14.65726
"Říčany,prům.zóna Zděbrady",49.967321,14.62093
"Říčany,sídl.Olivovna",49.9913,14.686512
"Říčany,Černokostelecká",50.006346,14.653544
"Říčany,Štefánikova",49.993486,14.660595
Šafránecká,50.075875,14.344733
Šafránkova,50.058606,14.338595
Šatovka,50.117526,14.374883
Šeberov,50.018159,14.510691
Šeberák,50.011726,14.491316
Šedivého,50.07093,14.314698
"Šestajovice,Balkán",50.105923,14.680384
"Šestajovice,Pražská",50.102458,14.675994
"Šestajovice,U Školy",50.111877,14.682433
"Šestajovice,Za Stodolami",50.113282,14.679715
Šimůnkova,50.132634,14.470383
Škola Dolní Počernice,50.088578,14.581315
Škola Dubeč,50.062918,14.590975
Škola Kolovraty,50.011168,14.627599
Škola Lipence,49.960684,14.356224
Škola Nebušice,50.110932,14.330693
Škola Radlice,50.059745,14.39371
Škola Radotín,49.981246,14.36049
Škola Velká Chuchle,50.012016,14.382332
Škola Řepy,50.068826,14.295532
Škola Štěrboholy,50.072216,14.552596
"Škvorec,MŠ",50.050701,14.73175
"Škvorec,Třebohostice",50.037413,14.720324
"Škvorec,Třebohostice,škola",50.038761,14.720559
"Škvorec,nám.",50.046879,14.731117
"Škvorec,rozc.",50.045882,14.73961
"Škvorec,rozc.Zlatá",50.042468,14.715984
Šmukýřka,50.064267,14.370616
Šperlova,50.034234,14.510866
Špitálka,50.110467,14.37815
Špitálská,50.111012,14.505018
Šporkova,50.0874,14.3981
Štefkova,50.079734,14.353032
Štíhlice,50.006064,14.778745
"Štíhlice,Doubravčická",50.008451,14.777705
Štěchovice,49.851797,14.406272
"Štěchovice,Masečín",49.850751,14.381127
"Štěchovice,Masečín,Chrástky",49.853416,14.387894
"Štěchovice,Nad horou",49.849778,14.403108
"Štěchovice,Třebenice",49.824828,14.439768
Štěchovická,50.072094,14.500771
Štěpařská,50.032276,14.373391
Štěpnice,50.127952,14.36774
Štěpničná,50.12794,14.477335
Štěpánská,50.075614,14.423268
Štěrboholy,50.07179,14.55042
"Štětí,Počeplice",50.431574,14.39525
"Štětí,aut.nádr.",50.456324,14.371035
"Štětí,hotelový dům",50.456094,14.382695
"Štětí,sídliště",50.449734,14.37956
Šumavská,50.075347,14.44387
Šumperská,50.135882,14.50861
Švandovo divadlo,50.078394,14.404308
Žabovřesky,49.96513,14.383624
Žabovřeská,49.970284,14.385682
Ždánice,49.96759,14.957701
"Ždánice,U Jánů",49.966536,14.964118
Želivecká,50.059894,14.493986
Želivského,50.078566,14.47411
Želivského (ul. Votická),50.077766,14.47297
Ženské domovy,50.068568,14.40069
Žežulka,50.118534,14.382
Živcová,49.990801,14.368359
Žvahov,50.043986,14.40145
Žákovská,50.125926,14.372224
Žárská,50.105744,14.553378
